{
  "_fv": 39,
  "_type": "recipe",
  "definition": {
    "recipeType": "Crafting",
    "xpReward": 0.0,
    "cookingTime": 200,
    "recipeRetstackSize": 4,
    "group": "",
    "recipeShapeless": false,
    "recipeSlots": [
      {
        "value": ""
      },
      {
        "value": "Items.REDSTONE"
      },
      {
        "value": ""
      },
      {
        "value": "Blocks.CARPET"
      },
      {
        "value": "Items.SLIME_BALL"
      },
      {
        "value": "Blocks.CARPET"
      },
      {
        "value": ""
      },
      {
        "value": ""
      },
      {
        "value": ""
      }
    ],
    "recipeReturnStack": {
      "value": "CUSTOM:Activatebandage"
    },
    "name": "activatebandagerecipe",
    "namespace": "mod"
  }
}