{
  "_fv": 39,
  "_type": "gui",
  "definition": {
    "type": 1,
    "width": 176,
    "height": 190,
    "inventoryOffsetX": 0,
    "inventoryOffsetY": 0,
    "renderBgLayer": true,
    "doesPauseGame": false,
    "components": [
      {
        "type": "label",
        "data": {
          "name": "label_alloy_furnace",
          "text": {
            "fixedValue": "Alloy Furnace"
          },
          "color": {
            "value": -12829636,
            "falpha": 0.0
          },
          "x": 178,
          "y": 31
        }
      },
      {
        "type": "inputslot",
        "data": {
          "inputLimit": {
            "value": "Items.LAVA_BUCKET"
          },
          "disablePlacement": {
            "fixedValue": false
          },
          "color": {
            "value": -39373,
            "falpha": 0.0
          },
          "id": 1,
          "disablePickup": {
            "fixedValue": false
          },
          "dropItemsWhenNotBound": true,
          "x": 138,
          "y": 71
        }
      },
      {
        "type": "inputslot",
        "data": {
          "inputLimit": {
            "value": ""
          },
          "disablePlacement": {
            "fixedValue": false
          },
          "id": 2,
          "disablePickup": {
            "fixedValue": false
          },
          "dropItemsWhenNotBound": true,
          "x": 182,
          "y": 71
        }
      },
      {
        "type": "inputslot",
        "data": {
          "inputLimit": {
            "value": ""
          },
          "disablePlacement": {
            "fixedValue": false
          },
          "id": 3,
          "disablePickup": {
            "fixedValue": false
          },
          "dropItemsWhenNotBound": true,
          "x": 219,
          "y": 47
        }
      },
      {
        "type": "inputslot",
        "data": {
          "inputLimit": {
            "value": ""
          },
          "disablePlacement": {
            "fixedValue": false
          },
          "id": 4,
          "disablePickup": {
            "fixedValue": false
          },
          "dropItemsWhenNotBound": true,
          "x": 219,
          "y": 71
        }
      },
      {
        "type": "inputslot",
        "data": {
          "inputLimit": {
            "value": ""
          },
          "disablePlacement": {
            "fixedValue": false
          },
          "id": 5,
          "disablePickup": {
            "fixedValue": false
          },
          "dropItemsWhenNotBound": true,
          "x": 219,
          "y": 96
        }
      },
      {
        "type": "outputslot",
        "data": {
          "id": 0,
          "disablePickup": {
            "fixedValue": false
          },
          "dropItemsWhenNotBound": true,
          "onTakenFromSlot": {
            "name": "AF_get_1_pr"
          },
          "onStackTransfer": {
            "name": "AF_get_1_pr"
          },
          "x": 255,
          "y": 71
        }
      },
      {
        "type": "image",
        "data": {
          "image": "style.png",
          "use1Xscale": false,
          "x": 122,
          "y": 33
        }
      },
      {
        "type": "image",
        "data": {
          "image": "buket.png",
          "use1Xscale": false,
          "x": 139,
          "y": 72
        }
      },
      {
        "type": "button",
        "data": {
          "name": "button_recipe",
          "text": "recipe",
          "onClick": {
            "name": "FRS_open_pr"
          },
          "width": 34,
          "height": 20,
          "x": 252,
          "y": 41
        }
      }
    ],
    "onTick": {
      "name": "AF_gui_pr"
    },
    "gridSettings": {
      "sx": 18,
      "sy": 18,
      "ox": 11,
      "oy": 15,
      "snapOnGrid": false
    }
  }
}