{
  "_fv": 39,
  "_type": "achievement",
  "definition": {
    "achievementName": "Antidote Syringerw",
    "achievementDescription": "n",
    "achievementIcon": {
      "value": "CUSTOM:AntidoteSyringe"
    },
    "background": "Default",
    "disableDisplay": true,
    "showPopup": false,
    "announceToChat": false,
    "hideIfNotCompleted": true,
    "rewardLoot": [],
    "rewardRecipes": [
      "AntidoteSyringerecipe",
      "EmptyAntidoteVialrecipe",
      "AntidoteSolutionrecipe1",
      "AntidoteSolutionrecipe2",
      "AntidoteSolutionrecipe3"
    ],
    "rewardFunction": "No function",
    "rewardXP": 0,
    "achievementType": "task",
    "parent": {
      "value": "No parent: root"
    },
    "triggerxml": "<xml xmlns=\"https://developers.google.com/blockly/xml\"><block type=\"item_in_inventory\" x=\"39\" y=\"25\"><value name=\"amount_l\"><block type=\"math_number\"><field name=\"NUM\">1</field></block></value><value name=\"amount_h\"><block type=\"math_number\"><field name=\"NUM\">1</field></block></value><value name=\"item\"><block type=\"mcitem_all\"><field name=\"value\">CUSTOM:AntidoteSyringe</field></block></value><next><block type=\"advancement_trigger\" deletable=\"false\"></block></next></block></xml>"
  }
}