{
  "_fv": 39,
  "_type": "recipe",
  "definition": {
    "recipeType": "Brewing",
    "xpReward": 0.0,
    "cookingTime": 200,
    "recipeRetstackSize": 1,
    "group": "",
    "recipeShapeless": false,
    "brewingInputStack": {
      "value": "CUSTOM:EmptyAntidoteVial"
    },
    "brewingIngredientStack": {
      "value": "Items.HONEY_BOTTLE"
    },
    "brewingReturnStack": {
      "value": "CUSTOM:AntidoteSolution"
    },
    "name": "antidote_solutionrecipe_3",
    "namespace": "mod"
  }
}