{
  "_fv": 39,
  "_type": "recipe",
  "definition": {
    "recipeType": "Crafting",
    "xpReward": 0.0,
    "cookingTime": 200,
    "recipeRetstackSize": 1,
    "group": "antidotesolutionrecipe",
    "recipeShapeless": true,
    "recipeSlots": [
      {
        "value": ""
      },
      {
        "value": ""
      },
      {
        "value": ""
      },
      {
        "value": "CUSTOM:EmptyAntidoteVial"
      },
      {
        "value": ""
      },
      {
        "value": ""
      },
      {
        "value": "Items.HONEY_BOTTLE"
      },
      {
        "value": "Items.SWEET_BERRIES"
      },
      {
        "value": ""
      }
    ],
    "recipeReturnStack": {
      "value": "CUSTOM:AntidoteSolution"
    },
    "name": "antidote_solutionrecipe_2",
    "namespace": "mod"
  }
}