{
  "_fv": 39,
  "_type": "achievement",
  "definition": {
    "achievementName": "Berylliumcopperunlockrw",
    "achievementDescription": "n",
    "achievementIcon": {
      "value": "CUSTOM:BerylliumCopper"
    },
    "background": "Default",
    "disableDisplay": true,
    "showPopup": false,
    "announceToChat": false,
    "hideIfNotCompleted": true,
    "rewardLoot": [],
    "rewardRecipes": [
      "Berylliumcopperrecipe1",
      "Berylliumcopperrecipe2",
      "Berylliumcopperrecipe3",
      "Berylliumcopperrecipe4",
      "Berylliumcopperrecipe5",
      "AntidoteSyringerecipe"
    ],
    "rewardFunction": "No function",
    "rewardXP": 0,
    "achievementType": "task",
    "parent": {
      "value": "No parent: root"
    },
    "triggerxml": "<xml xmlns=\"https://developers.google.com/blockly/xml\"><block type=\"item_in_inventory\" x=\"43\" y=\"23\"><value name=\"amount_l\"><block type=\"math_number\"><field name=\"NUM\">1</field></block></value><value name=\"amount_h\"><block type=\"math_number\"><field name=\"NUM\">64</field></block></value><value name=\"item\"><block type=\"mcitem_all\"><field name=\"value\">CUSTOM:BerylliumCopper</field></block></value><next><block type=\"advancement_trigger\" deletable=\"false\"></block></next></block></xml>"
  }
}