{
  "_fv": 39,
  "_type": "recipe",
  "definition": {
    "recipeType": "Crafting",
    "xpReward": 0.0,
    "cookingTime": 200,
    "recipeRetstackSize": 2,
    "group": "",
    "recipeShapeless": false,
    "recipeSlots": [
      {
        "value": "Items.QUARTZ"
      },
      {
        "value": "Items.COPPER_INGOT"
      },
      {
        "value": "Items.QUARTZ"
      },
      {
        "value": "Blocks.EMERALD_BLOCK"
      },
      {
        "value": "Items.COAL"
      },
      {
        "value": "Blocks.EMERALD_BLOCK"
      },
      {
        "value": "Items.AMETHYST_SHARD"
      },
      {
        "value": "Items.COPPER_INGOT"
      },
      {
        "value": "Items.AMETHYST_SHARD"
      }
    ],
    "recipeReturnStack": {
      "value": "CUSTOM:AlloyPowderberylliumcopper"
    },
    "name": "berylliumcopperrecipe_1",
    "namespace": "mod"
  }
}