{
  "_fv": 39,
  "_type": "recipe",
  "definition": {
    "recipeType": "Crafting",
    "xpReward": 0.0,
    "cookingTime": 200,
    "recipeRetstackSize": 3,
    "group": "",
    "recipeShapeless": false,
    "recipeSlots": [
      {
        "value": "CUSTOM:Steelingot"
      },
      {
        "value": "Blocks.GLASS_PANE"
      },
      {
        "value": "CUSTOM:Steelingot"
      },
      {
        "value": "CUSTOM:Aluminumingot"
      },
      {
        "value": ""
      },
      {
        "value": "CUSTOM:Aluminumingot"
      },
      {
        "value": "CUSTOM:Steelingot"
      },
      {
        "value": "Blocks.GLASS_PANE"
      },
      {
        "value": "CUSTOM:Steelingot"
      }
    ],
    "recipeReturnStack": {
      "value": "CUSTOM:EmptyAntidoteVial"
    },
    "name": "empty_antidote_vialrecipe",
    "namespace": "mod"
  }
}