{
  "_fv": 39,
  "_type": "gui",
  "definition": {
    "type": 1,
    "width": 176,
    "height": 190,
    "inventoryOffsetX": 0,
    "inventoryOffsetY": 0,
    "renderBgLayer": true,
    "doesPauseGame": false,
    "components": [
      {
        "type": "inputslot",
        "data": {
          "inputLimit": {
            "value": "Blocks.NETHER_WART_BLOCK"
          },
          "disablePlacement": {
            "fixedValue": false
          },
          "id": 1,
          "disablePickup": {
            "fixedValue": false
          },
          "dropItemsWhenNotBound": true,
          "x": 137,
          "y": 71
        }
      },
      {
        "type": "inputslot",
        "data": {
          "inputLimit": {
            "value": ""
          },
          "disablePlacement": {
            "fixedValue": false
          },
          "id": 2,
          "disablePickup": {
            "fixedValue": false
          },
          "dropItemsWhenNotBound": true,
          "x": 181,
          "y": 71
        }
      },
      {
        "type": "inputslot",
        "data": {
          "inputLimit": {
            "value": ""
          },
          "disablePlacement": {
            "fixedValue": false
          },
          "id": 3,
          "disablePickup": {
            "fixedValue": false
          },
          "dropItemsWhenNotBound": true,
          "x": 218,
          "y": 47
        }
      },
      {
        "type": "inputslot",
        "data": {
          "inputLimit": {
            "value": ""
          },
          "disablePlacement": {
            "fixedValue": false
          },
          "id": 4,
          "disablePickup": {
            "fixedValue": false
          },
          "dropItemsWhenNotBound": true,
          "x": 218,
          "y": 71
        }
      },
      {
        "type": "inputslot",
        "data": {
          "inputLimit": {
            "value": ""
          },
          "disablePlacement": {
            "fixedValue": false
          },
          "id": 5,
          "disablePickup": {
            "fixedValue": false
          },
          "dropItemsWhenNotBound": true,
          "x": 218,
          "y": 96
        }
      },
      {
        "type": "outputslot",
        "data": {
          "id": 0,
          "disablePickup": {
            "fixedValue": false
          },
          "dropItemsWhenNotBound": true,
          "onTakenFromSlot": {
            "name": "HF_get_1_pr"
          },
          "onStackTransfer": {
            "name": "HF_get_1_pr"
          },
          "x": 254,
          "y": 71
        }
      },
      {
        "type": "label",
        "data": {
          "name": "label_hell_furnace",
          "text": {
            "fixedValue": "Hell Furnace"
          },
          "color": {
            "value": -12829636,
            "falpha": 0.0
          },
          "x": 181,
          "y": 33
        }
      },
      {
        "type": "image",
        "data": {
          "image": "style.png",
          "use1Xscale": false,
          "x": 121,
          "y": 33
        }
      },
      {
        "type": "button",
        "data": {
          "name": "button_recipe",
          "text": "recipe",
          "onClick": {
            "name": "FRS_open_pr"
          },
          "width": 34,
          "height": 20,
          "x": 249,
          "y": 34
        }
      }
    ],
    "onTick": {
      "name": "HF_gui_pr"
    },
    "gridSettings": {
      "sx": 18,
      "sy": 18,
      "ox": 11,
      "oy": 15,
      "snapOnGrid": false
    }
  }
}