{
  "_fv": 39,
  "_type": "block",
  "definition": {
    "texture": "hf_side",
    "textureTop": "",
    "textureLeft": "",
    "textureFront": "hf_front",
    "textureRight": "",
    "textureBack": "",
    "renderType": 10,
    "customModelName": "Normal",
    "rotationMode": 1,
    "enablePitch": false,
    "emissiveRendering": false,
    "displayFluidOverlay": false,
    "itemTexture": "",
    "particleTexture": "",
    "tintType": "No tint",
    "isItemTinted": false,
    "hasTransparency": false,
    "connectedSides": false,
    "transparencyType": "SOLID",
    "disableOffset": false,
    "boundingBoxes": [
      {
        "mx": 0.0,
        "my": 0.0,
        "mz": 0.0,
        "Mx": 16.0,
        "My": 16.0,
        "Mz": 16.0,
        "subtract": false
      }
    ],
    "name": "Hell Furnace",
    "specialInfo": [
      "§c§l 獄炎でさらなる冶金を§r",
      "燃料として§lネザーウォートブロック§rが必要"
    ],
    "hardness": 2.0,
    "resistance": 11.0,
    "hasGravity": false,
    "isWaterloggable": false,
    "creativeTab": {
      "value": "CUSTOM:Enrichwithkatana"
    },
    "destroyTool": "pickaxe",
    "customDrop": {
      "value": ""
    },
    "dropAmount": 1,
    "useLootTableForDrops": false,
    "requiresCorrectTool": true,
    "enchantPowerBonus": 0.0,
    "plantsGrowOn": false,
    "canRedstoneConnect": false,
    "lightOpacity": 15,
    "material": {
      "value": "ROCK"
    },
    "tickRate": 0,
    "tickRandomly": false,
    "isReplaceable": false,
    "canProvidePower": false,
    "emittedRedstonePower": {
      "fixedValue": 15.0
    },
    "colorOnMap": "DEFAULT",
    "creativePickItem": {
      "value": ""
    },
    "offsetType": "NONE",
    "aiPathNodeType": "DEFAULT",
    "flammability": 0,
    "fireSpreadSpeed": 0,
    "isLadder": false,
    "slipperiness": 0.6,
    "speedFactor": 1.0,
    "jumpFactor": 1.0,
    "reactionToPushing": "NORMAL",
    "isNotColidable": false,
    "isCustomSoundType": true,
    "soundOnStep": {
      "value": "METAL"
    },
    "breakSound": {
      "value": "block.nether_bricks.break"
    },
    "fallSound": {
      "value": "block.nether_bricks.fall"
    },
    "hitSound": {
      "value": "block.nether_bricks.hit"
    },
    "placeSound": {
      "value": "block.nether_bricks.place"
    },
    "stepSound": {
      "value": "block.nether_bricks.step"
    },
    "luminance": 10,
    "unbreakable": false,
    "breakHarvestLevel": 2,
    "isBonemealable": false,
    "hasInventory": true,
    "guiBoundTo": "Hellfurnacegui",
    "openGUIOnRightClick": true,
    "inventorySize": 11,
    "inventoryStackSize": 64,
    "inventoryDropWhenDestroyed": true,
    "inventoryComparatorPower": true,
    "inventoryOutSlotIDs": [
      6,
      7,
      8,
      9,
      10
    ],
    "inventoryInSlotIDs": [
      2,
      3,
      4,
      6,
      7,
      8,
      9,
      10
    ],
    "hasEnergyStorage": false,
    "energyInitial": 0,
    "energyCapacity": 400000,
    "energyMaxReceive": 200,
    "energyMaxExtract": 200,
    "isFluidTank": false,
    "fluidCapacity": 8000,
    "fluidRestrictions": [],
    "spawnWorldTypes": [],
    "restrictionBiomes": [],
    "blocksToReplace": [
      {
        "value": "Blocks.STONE"
      }
    ],
    "generationShape": "UNIFORM",
    "frequencyPerChunks": 10,
    "frequencyOnChunk": 16,
    "minGenerateHeight": 0,
    "maxGenerateHeight": 64
  }
}