{
  "_fv": 39,
  "_type": "achievement",
  "definition": {
    "achievementName": "Lapis Lazulireciperw",
    "achievementDescription": "n",
    "achievementIcon": {
      "value": "Items.DYE#4"
    },
    "background": "Default",
    "disableDisplay": true,
    "showPopup": false,
    "announceToChat": false,
    "hideIfNotCompleted": true,
    "rewardLoot": [],
    "rewardRecipes": [
      "RecallPotionrecipe",
      "Lifecrystalrecipe"
    ],
    "rewardFunction": "No function",
    "rewardXP": 0,
    "achievementType": "task",
    "parent": {
      "value": "CUSTOM:Recipeunlock1"
    },
    "triggerxml": "<xml xmlns=\"https://developers.google.com/blockly/xml\"><block type=\"item_in_inventory\" x=\"24\" y=\"5\"><value name=\"amount_l\"><block type=\"math_number\"><field name=\"NUM\">1</field></block></value><value name=\"amount_h\"><block type=\"math_number\"><field name=\"NUM\">64</field></block></value><value name=\"item\"><block type=\"mcitem_all\"><field name=\"value\">Items.DYE#4</field></block></value><next><block type=\"advancement_trigger\" deletable=\"false\"></block></next></block></xml>"
  }
}