{
  "_fv": 39,
  "_type": "achievement",
  "definition": {
    "achievementName": "This is...iron?",
    "achievementDescription": "got aluminum for the first time.",
    "achievementIcon": {
      "value": "CUSTOM:Aluminumingot"
    },
    "background": "Default",
    "disableDisplay": false,
    "showPopup": true,
    "announceToChat": true,
    "hideIfNotCompleted": false,
    "rewardLoot": [],
    "rewardRecipes": [
      "Recipepaperrecipe",
      "Bauxiterecipe1",
      "Bauxiterecipe2",
      "Bauxiterecipe3",
      "Bauxiterecipe4",
      "Remakebucketrecipe",
      "Remakelanternrecipe",
      "Remakepowerdrailrecipe"
    ],
    "rewardFunction": "No function",
    "rewardXP": 0,
    "achievementType": "task",
    "parent": {
      "value": "story/mine_stone"
    },
    "triggerxml": "<xml xmlns=\"https://developers.google.com/blockly/xml\"><block type=\"item_in_inventory\" x=\"75\" y=\"22\"><value name=\"amount_l\"><block type=\"math_number\"><field name=\"NUM\">1</field></block></value><value name=\"amount_h\"><block type=\"math_number\"><field name=\"NUM\">64</field></block></value><value name=\"item\"><block type=\"mcitem_all\"><field name=\"value\">CUSTOM:Aluminumingot</field></block></value><next><block type=\"advancement_trigger\" deletable=\"false\"></block></next></block></xml>"
  }
}