{
  "_fv": 39,
  "_type": "achievement",
  "definition": {
    "achievementName": "Recipeunlock 3",
    "achievementDescription": "3",
    "achievementIcon": {
      "value": "Items.QUARTZ"
    },
    "background": "Default",
    "disableDisplay": false,
    "showPopup": true,
    "announceToChat": true,
    "hideIfNotCompleted": false,
    "rewardLoot": [],
    "rewardRecipes": [
      "Berylliumcopperrecipe1",
      "Hellfurnacerecipe"
    ],
    "rewardFunction": "No function",
    "rewardXP": 0,
    "achievementType": "task",
    "parent": {
      "value": "CUSTOM:Recipeunlock2"
    },
    "triggerxml": "<xml xmlns=\"https://developers.google.com/blockly/xml\"><block type=\"item_in_inventory\" x=\"36\" y=\"25\"><value name=\"amount_l\"><block type=\"math_number\"><field name=\"NUM\">1</field></block></value><value name=\"amount_h\"><block type=\"math_number\"><field name=\"NUM\">64</field></block></value><value name=\"item\"><block type=\"mcitem_all\"><field name=\"value\">Items.QUARTZ</field></block></value><next><block type=\"advancement_trigger\" deletable=\"false\"></block></next></block></xml>"
  }
}