{
  "_fv": 39,
  "_type": "recipe",
  "definition": {
    "recipeType": "Crafting",
    "xpReward": 0.0,
    "cookingTime": 200,
    "recipeRetstackSize": 8,
    "group": "",
    "recipeShapeless": false,
    "recipeSlots": [
      {
        "value": ""
      },
      {
        "value": ""
      },
      {
        "value": ""
      },
      {
        "value": ""
      },
      {
        "value": "Items.GLOWSTONE_DUST"
      },
      {
        "value": ""
      },
      {
        "value": ""
      },
      {
        "value": "Items.STICK"
      },
      {
        "value": ""
      }
    ],
    "recipeReturnStack": {
      "value": "Blocks.TORCH"
    },
    "name": "remaketorchrecipe",
    "namespace": "mod"
  }
}