{
  "_fv": 39,
  "_type": "recipe",
  "definition": {
    "recipeType": "Crafting",
    "xpReward": 0.0,
    "cookingTime": 200,
    "recipeRetstackSize": 6,
    "group": "",
    "recipeShapeless": false,
    "recipeSlots": [
      {
        "value": "Items.COPPER_INGOT"
      },
      {
        "value": "Items.GOLD_NUGGET"
      },
      {
        "value": "Items.COPPER_INGOT"
      },
      {
        "value": "CUSTOM:Aluminumingot"
      },
      {
        "value": "Items.STICK"
      },
      {
        "value": "CUSTOM:Aluminumingot"
      },
      {
        "value": "Items.COPPER_INGOT"
      },
      {
        "value": "Items.REDSTONE"
      },
      {
        "value": "Items.COPPER_INGOT"
      }
    ],
    "recipeReturnStack": {
      "value": "Blocks.GOLDEN_RAIL"
    },
    "name": "remakepowerdrailrecipe",
    "namespace": "mod"
  }
}