{
  "_fv": 39,
  "_type": "recipe",
  "definition": {
    "recipeType": "Crafting",
    "xpReward": 0.0,
    "cookingTime": 200,
    "recipeRetstackSize": 1,
    "group": "",
    "recipeShapeless": false,
    "recipeSlots": [
      {
        "value": ""
      },
      {
        "value": "Items.SHULKER_SHELL"
      },
      {
        "value": ""
      },
      {
        "value": ""
      },
      {
        "value": "Blocks.ENDER_CHEST"
      },
      {
        "value": ""
      },
      {
        "value": "Items.SHULKER_SHELL"
      },
      {
        "value": "Items.NETHER_STAR"
      },
      {
        "value": "Items.SHULKER_SHELL"
      }
    ],
    "recipeReturnStack": {
      "value": "Blocks.SHULKER_BOX"
    },
    "name": "shulker_box",
    "namespace": "minecraft"
  }
}