{
  "_fv": 39,
  "_type": "item",
  "definition": {
    "renderType": 0,
    "texture": "simple_stick",
    "customModelName": "Normal",
    "name": "Simple Stick",
    "rarity": "COMMON",
    "creativeTab": {
      "value": "FOOD"
    },
    "stackSize": 16,
    "enchantability": 0,
    "useDuration": 22,
    "toolType": 1.0,
    "damageCount": 0,
    "recipeRemainder": {
      "value": ""
    },
    "destroyAnyBlock": false,
    "immuneToFire": false,
    "stayInGridWhenCrafting": false,
    "damageOnCrafting": false,
    "enableMeleeDamage": false,
    "damageVsEntity": 0.0,
    "specialInfo": [],
    "hasGlow": false,
    "guiBoundTo": "<NONE>",
    "inventorySize": 9,
    "inventoryStackSize": 64,
    "isFood": true,
    "nutritionalValue": 6,
    "saturation": 0.7,
    "eatResultItem": {
      "value": ""
    },
    "isMeat": false,
    "isAlwaysEdible": false,
    "animation": "eat"
  }
}