{
  "_fv": 39,
  "_type": "achievement",
  "definition": {
    "achievementName": "Steelreciperw",
    "achievementDescription": "n",
    "achievementIcon": {
      "value": "CUSTOM:Steelingot"
    },
    "background": "Default",
    "disableDisplay": true,
    "showPopup": false,
    "announceToChat": false,
    "hideIfNotCompleted": true,
    "rewardLoot": [],
    "rewardRecipes": [
      "Steelrecipe1",
      "Steelrecipe2",
      "Steelrecipe3",
      "Steellanternrecipe",
      "Steelfishingrodrecipe",
      "Steelrecipe4",
      "Steelrecipe5",
      "SteelHammerrecipe",
      "Repareanvilrecipe1",
      "Repareanvilrecipe2",
      "Remakesaddlerecipe",
      "AlloyFurnacerecipe",
      "SteelShearsrecipe"
    ],
    "rewardFunction": "No function",
    "rewardXP": 0,
    "achievementType": "task",
    "parent": {
      "value": "No parent: root"
    },
    "triggerxml": "<xml xmlns=\"https://developers.google.com/blockly/xml\"><block type=\"item_in_inventory\" x=\"45\" y=\"25\"><value name=\"amount_l\"><block type=\"math_number\"><field name=\"NUM\">1</field></block></value><value name=\"amount_h\"><block type=\"math_number\"><field name=\"NUM\">64</field></block></value><value name=\"item\"><block type=\"mcitem_all\"><field name=\"value\">CUSTOM:Steelingot</field></block></value><next><block type=\"advancement_trigger\" deletable=\"false\"></block></next></block></xml>"
  }
}