{
  "_fv": 39,
  "_type": "recipe",
  "definition": {
    "recipeType": "Crafting",
    "xpReward": 0.0,
    "cookingTime": 200,
    "recipeRetstackSize": 2,
    "group": "",
    "recipeShapeless": false,
    "recipeSlots": [
      {
        "value": "Items.COAL"
      },
      {
        "value": "Items.IRON_INGOT"
      },
      {
        "value": "Items.COAL"
      },
      {
        "value": "Items.COPPER_INGOT"
      },
      {
        "value": "Items.COAL"
      },
      {
        "value": "Items.COPPER_INGOT"
      },
      {
        "value": "CUSTOM:Aluminumingot"
      },
      {
        "value": "Items.IRON_INGOT"
      },
      {
        "value": "CUSTOM:Aluminumingot"
      }
    ],
    "recipeReturnStack": {
      "value": "CUSTOM:AlloyPowdersteel"
    },
    "name": "steelrecipe_1",
    "namespace": "mod"
  }
}