{
  "_fv": 39,
  "_type": "item",
  "definition": {
    "renderType": 0,
    "texture": "hammer",
    "customModelName": "Tool",
    "name": "Steel Hammer",
    "rarity": "COMMON",
    "creativeTab": {
      "value": "CUSTOM:Enrichwithkatana"
    },
    "stackSize": 1,
    "enchantability": 0,
    "useDuration": 0,
    "toolType": 1.0,
    "damageCount": 16,
    "recipeRemainder": {
      "value": ""
    },
    "destroyAnyBlock": false,
    "immuneToFire": false,
    "stayInGridWhenCrafting": false,
    "damageOnCrafting": false,
    "enableMeleeDamage": false,
    "damageVsEntity": 0.0,
    "specialInfo": [
      "§c§l刀鍛冶に必要§r",
      "§c Needed for katana smithing§r"
    ],
    "hasGlow": false,
    "guiBoundTo": "<NONE>",
    "inventorySize": 9,
    "inventoryStackSize": 64,
    "onCrafted": {
      "name": "SH_craft_pr"
    },
    "isFood": false,
    "nutritionalValue": 4,
    "saturation": 0.3,
    "eatResultItem": {
      "value": ""
    },
    "isMeat": false,
    "isAlwaysEdible": false,
    "animation": "block"
  }
}