{
  "_fv": 39,
  "_type": "tool",
  "definition": {
    "renderType": 0,
    "texture": "steel_shears",
    "customModelName": "Normal",
    "name": "Steel Shears",
    "specialInfo": [],
    "creativeTab": {
      "value": "CUSTOM:Enrichwithkatana"
    },
    "toolType": "Shears",
    "harvestLevel": 1,
    "efficiency": 2.0,
    "attackSpeed": 1.0,
    "enchantability": 2,
    "damageVsEntity": 4.0,
    "usageCount": 357,
    "blocksAffected": [],
    "hasGlow": false,
    "repairItems": [],
    "immuneToFire": false,
    "stayInGridWhenCrafting": true,
    "damageOnCrafting": true
  }
}