{
  "_fv": 39,
  "_type": "recipe",
  "definition": {
    "recipeType": "Crafting",
    "xpReward": 0.0,
    "cookingTime": 200,
    "recipeRetstackSize": 4,
    "group": "",
    "recipeShapeless": false,
    "recipeSlots": [
      {
        "value": "Items.WHEAT"
      },
      {
        "value": "Items.SUGAR"
      },
      {
        "value": "Items.WHEAT"
      },
      {
        "value": "Items.WHEAT"
      },
      {
        "value": "Items.SUGAR"
      },
      {
        "value": "Blocks.WHEAT"
      },
      {
        "value": ""
      },
      {
        "value": "CUSTOM:Aluminumingot"
      },
      {
        "value": ""
      }
    ],
    "recipeReturnStack": {
      "value": "CUSTOM:TrailStick"
    },
    "name": "trail_stickrecipe",
    "namespace": "mod"
  }
}