{
  "_fv": 39,
  "_type": "recipe",
  "definition": {
    "recipeType": "Crafting",
    "xpReward": 0.0,
    "cookingTime": 200,
    "recipeRetstackSize": 8,
    "group": "",
    "recipeShapeless": false,
    "recipeSlots": [
      {
        "value": "CUSTOM:Aluminumingot"
      },
      {
        "value": "Items.STRING"
      },
      {
        "value": "CUSTOM:Aluminumingot"
      },
      {
        "value": "Items.STRING"
      },
      {
        "value": ""
      },
      {
        "value": "Items.STRING"
      },
      {
        "value": "CUSTOM:Aluminumingot"
      },
      {
        "value": "Items.STRING"
      },
      {
        "value": "CUSTOM:Aluminumingot"
      }
    ],
    "recipeReturnStack": {
      "value": "CUSTOM:Wire"
    },
    "name": "wirerecipe",
    "namespace": "mod"
  }
}