{
  "criteria": {
    "antidote_syringerw": {
      "trigger": "minecraft:inventory_changed",
      "conditions": {
        "items": [
          {
            "items": [
              "enrich_with_katana:antidote_syringe"
            ],
            "count": {
              "min": 1,
              "max": 1
            }
          }
        ]
      }
    }
  },
  "rewards": {
    "experience": 0,
    "recipes": [
      "enrich_with_katana:antidote_syringerecipe",
      "enrich_with_katana:empty_antidote_vialrecipe",
      "enrich_with_katana:antidote_solutionrecipe_1",
      "enrich_with_katana:antidote_solutionrecipe_2",
      "enrich_with_katana:antidote_solutionrecipe_3"
    ]
  }
}