{
  "criteria": {
    "berylliumcopperunlockrw": {
      "trigger": "minecraft:inventory_changed",
      "conditions": {
        "items": [
          {
            "items": [
              "enrich_with_katana:beryllium_copper"
            ],
            "count": {
              "min": 1,
              "max": 64
            }
          }
        ]
      }
    }
  },
  "rewards": {
    "experience": 0,
    "recipes": [
      "enrich_with_katana:berylliumcopperrecipe_1",
      "enrich_with_katana:berylliumcopperrecipe_2",
      "enrich_with_katana:berylliumcopperrecipe_3",
      "enrich_with_katana:berylliumcopperrecipe_4",
      "enrich_with_katana:berylliumcopperrecipe_5",
      "enrich_with_katana:antidote_syringerecipe"
    ]
  }
}