{
  "display": {
    "icon": {
      "item": "minecraft:quartz"
    },
    "title": {
      "translate": "advancements.recipeunlock_3.title"
    },
    "description": {
      "translate": "advancements.recipeunlock_3.descr"
    },
    "frame": "task",
    "show_toast": true,
    "announce_to_chat": true,
    "hidden": false
  },
  "criteria": {
    "recipeunlock_3": {
      "trigger": "minecraft:inventory_changed",
      "conditions": {
        "items": [
          {
            "items": [
              "minecraft:quartz"
            ],
            "count": {
              "min": 1,
              "max": 64
            }
          }
        ]
      }
    }
  },
  "rewards": {
    "experience": 0,
    "recipes": [
      "enrich_with_katana:berylliumcopperrecipe_1",
      "enrich_with_katana:hellfurnacerecipe"
    ]
  },
  "parent": "enrich_with_katana:recipeunlock_2"
}