{
  "criteria": {
    "steel_shearsreciperw": {
      "trigger": "minecraft:inventory_changed",
      "conditions": {
        "items": [
          {
            "items": [
              "enrich_with_katana:steel_shears"
            ],
            "count": {
              "min": 1,
              "max": 1
            }
          }
        ]
      }
    }
  },
  "rewards": {
    "experience": 0,
    "recipes": [
      "enrich_with_katana:rabbithiderecipe",
      "enrich_with_katana:stringrecipe"
    ]
  }
}