x,y,z,type
-6,-27,46,minecraft:mob_spawner
83,-16,-62,minecraft:mob_spawner
66,-41,82,minecraft:mob_spawner
-73,-18,124,minecraft:mob_spawner
121,-15,-93,minecraft:mob_spawner
83,-22,-107,minecraft:mob_spawner
29,-10,-112,minecraft:mob_spawner
-119,-15,38,minecraft:mob_spawner
-103,-15,133,minecraft:mob_spawner
-139,-16,38,minecraft:mob_spawner
-154,-20,83,minecraft:mob_spawner
-141,-16,162,minecraft:mob_spawner
163,-31,-94,minecraft:mob_spawner
183,-4,-53,minecraft:mob_spawner
169,-47,-235,minecraft:mob_spawner
171,-48,-272,minecraft:mob_spawner
191,73,-263,minecraft:campfire
187,65,-257,minecraft:furnace
190,64,-264,minecraft:campfire
191,64,-264,minecraft:campfire
187,64,-264,minecraft:blast_furnace
144,-43,-223,minecraft:mob_spawner
154,-43,-214,minecraft:mob_spawner
154,-42,-224,minecraft:mob_spawner
146,-43,-221,minecraft:mob_spawner
139,-39,-267,minecraft:mob_spawner
130,-38,-288,minecraft:mob_spawner
145,-49,-293,minecraft:mob_spawner
120,-45,-235,minecraft:mob_spawner
115,-37,-304,minecraft:mob_spawner
146,-36,-186,minecraft:mob_spawner
168,-38,-332,minecraft:mob_spawner
107,-15,-186,minecraft:mob_spawner
93,-17,-324,minecraft:mob_spawner
87,-16,-239,minecraft:mob_spawner
85,-16,-186,minecraft:mob_spawner
332,-54,-263,minecraft:mob_spawner
213,29,-390,minecraft:mob_spawner
24,-41,-339,minecraft:mob_spawner
363,-42,-135,minecraft:mob_spawner
347,-38,-72,minecraft:mob_spawner
369,-35,-184,minecraft:mob_spawner
232,-15,-51,minecraft:mob_spawner
155,-45,-443,minecraft:mob_spawner
369,-29,-60,minecraft:mob_spawner
284,0,-53,minecraft:mob_spawner
398,15,-380,minecraft:mob_spawner
