x,y,z,visibility,load_status,entity_count
9,-3,-15,TICKING,LOADED,7
-1,5,-10,TRACKED,LOADED,1
10,-3,-20,TICKING,LOADED,1
3,7,-12,TICKING,LOADED,1
0,5,-8,TICKING,LOADED,1
10,-3,-15,TICKING,LOADED,1
17,3,-12,TICKING,LOADED,1
-10,4,0,TRACKED,LOADED,1
11,4,-3,TRACKED,LOADED,2
19,2,-13,TICKING,LOADED,1
7,0,-19,TICKING,LOADED,3
7,1,-19,TICKING,LOADED,1
9,-2,-20,TICKING,LOADED,2
4,0,-16,TICKING,LOADED,2
13,-2,-21,TICKING,LOADED,1
13,-1,-21,TICKING,LOADED,5
10,-3,-17,TICKING,LOADED,2
11,4,-2,TRACKED,LOADED,1
8,1,-18,TICKING,LOADED,1
8,-3,-18,TICKING,LOADED,1
5,5,6,TICKING,LOADED,1
16,0,-18,TICKING,LOADED,1
16,-1,-18,TICKING,LOADED,1
11,-3,-12,TICKING,LOADED,1
21,3,-14,TICKING,LOADED,1
-11,3,11,TRACKED,LOADED,1
6,0,-19,TICKING,LOADED,1
17,0,-17,TICKING,LOADED,1
11,0,-16,TICKING,LOADED,1
11,-3,-16,TICKING,LOADED,1
3,4,-16,TICKING,LOADED,1
5,-3,-15,TICKING,LOADED,1
5,-1,-4,TICKING,LOADED,1
9,0,-19,TICKING,LOADED,3
-10,4,1,TRACKED,LOADED,2
17,3,-6,TICKING,LOADED,2
8,-3,-13,TICKING,LOADED,2
16,-2,-15,TICKING,LOADED,1
7,-3,-21,TICKING,LOADED,1
11,-3,-13,TICKING,LOADED,1
13,4,-10,TICKING,LOADED,1
6,7,-11,TICKING,LOADED,1
7,1,-17,TICKING,LOADED,1
23,3,-15,TRACKED,LOADED,2
11,3,3,TRACKED,LOADED,1
15,0,-11,TICKING,LOADED,1
9,-3,-14,TICKING,LOADED,4
23,3,-10,TRACKED,LOADED,4
22,4,-24,TICKING,LOADED,1
16,3,-12,TICKING,LOADED,2
8,-3,-16,TICKING,LOADED,1
15,-2,-19,TICKING,LOADED,1
-7,3,11,TRACKED,LOADED,2
18,3,-18,TICKING,LOADED,1
-8,-1,6,TICKING,LOADED,1
14,-1,-16,TICKING,LOADED,1
7,5,-4,TICKING,LOADED,2
16,-3,-16,TICKING,LOADED,1
23,4,-20,TRACKED,LOADED,1
9,-3,-13,TICKING,LOADED,2
24,4,-19,TRACKED,LOADED,1
8,4,-26,TICKING,LOADED,2
8,1,-21,TICKING,LOADED,2
13,2,-23,TICKING,LOADED,1
15,-1,-16,TICKING,LOADED,1
6,-1,-16,TICKING,LOADED,1
11,0,-15,TICKING,LOADED,1
11,-3,-15,TICKING,LOADED,1
7,3,-15,TICKING,LOADED,1
12,-3,-17,TICKING,LOADED,1
11,3,5,TRACKED,LOADED,2
20,3,-14,TICKING,LOADED,1
9,-3,-16,TICKING,LOADED,2
1,5,-12,TRACKED,LOADED,1
2,4,-16,TICKING,LOADED,2
9,4,-24,TICKING,LOADED,1
3,4,-15,TICKING,LOADED,1
10,0,-16,TICKING,LOADED,1
10,-3,-16,TICKING,LOADED,1
8,1,-17,TICKING,LOADED,1
8,3,-17,TICKING,LOADED,1
6,4,-12,TICKING,LOADED,1
6,-2,-12,TICKING,LOADED,1
-10,3,-4,TRACKED,LOADED,1
13,-2,-19,TICKING,LOADED,2
-3,5,-10,TRACKED,LOADED,1
19,5,-22,TICKING,LOADED,1
7,-1,-20,TICKING,LOADED,1
7,1,-18,TICKING,LOADED,3
7,-3,-18,TICKING,LOADED,1
-7,-2,9,TICKING,LOADED,1
16,-1,-17,TICKING,LOADED,1
9,1,-21,TICKING,LOADED,2
9,-1,-21,TICKING,LOADED,3
-10,3,8,TRACKED,LOADED,2
8,0,-20,TICKING,LOADED,1
8,-1,-20,TICKING,LOADED,1
10,-3,-14,TICKING,LOADED,2
6,3,-15,TICKING,LOADED,2
15,-2,-20,TICKING,LOADED,2
17,0,-18,TICKING,LOADED,1
17,3,-13,TICKING,LOADED,2
4,7,-11,TICKING,LOADED,1
11,-3,-17,TICKING,LOADED,3
4,-1,-3,TICKING,LOADED,2
-11,4,0,TRACKED,LOADED,2
17,3,-14,TICKING,LOADED,1
18,3,-12,TICKING,LOADED,2
14,-2,-19,TICKING,LOADED,2
10,-3,-23,TICKING,LOADED,1
18,0,-17,TICKING,LOADED,1
4,3,-17,TICKING,LOADED,1
4,4,-17,TICKING,LOADED,1
12,3,-16,TICKING,LOADED,1
11,-3,-20,TICKING,LOADED,1
10,3,-18,TICKING,LOADED,1
6,0,-18,TICKING,LOADED,1
6,1,-18,TICKING,LOADED,2
3,5,3,TICKING,LOADED,1
21,4,-24,TICKING,LOADED,1
4,-2,-6,TICKING,LOADED,1
2,4,-7,TICKING,LOADED,1
2,5,-7,TICKING,LOADED,1
18,4,-22,TICKING,LOADED,1
7,4,-14,TICKING,LOADED,1
-8,3,11,TRACKED,LOADED,2
11,1,-22,TICKING,LOADED,2
17,3,-23,TICKING,LOADED,1
-9,-1,10,TRACKED,LOADED,1
-10,4,-6,TRACKED,LOADED,2
-10,4,-5,TRACKED,LOADED,1
