x,y,z,uuid,type,alive,display_name,custom_name
55.51366714583588,85.0,61.63329943639674,332b2c0f-446d-4627-a6a5-68ba108b18d1,minecraft:rabbit,true,ウサギ,[null]
65.5,-15.9375,-37.5,8d429ca7-e39e-4c49-be83-27fcf91e9ec3,minecraft:chest_minecart,true,チェスト付きトロッコ,[null]
65.5,-14.9375,-32.5,4c9d1b8a-01cc-4c15-8a4e-a2aea68ae190,minecraft:chest_minecart,true,チェスト付きトロッコ,[null]
84.5,-14.9375,-54.5,04260934-dbf3-451f-8c10-923fc7f7a409,minecraft:chest_minecart,true,チェスト付きトロッコ,[null]
83.51092300622133,83.0,100.48911459146197,865c8e8b-2094-4358-bdfc-b3a334323fde,minecraft:rabbit,true,ウサギ,[null]
39.446184587117216,79.312159058895,-100.79999999701977,64b96bcd-b87e-45fa-b414-688fb99ba91a,minecraft:rabbit,true,ウサギ,[null]
78.5,-16.9375,-88.5,9e56becf-7e99-4a6e-a6e6-d6e12adc4c68,minecraft:chest_minecart,true,チェスト付きトロッコ,[null]
115.47092997900225,85.0,-55.97859452368725,f04ddf6d-4e10-4da6-a233-4131737a7911,minecraft:rabbit,true,ウサギ,[null]
114.52603398134092,85.31760000818967,-61.6368788429303,3b43e66a-6d99-4353-9a07-0742e1cf251e,minecraft:rabbit,true,ウサギ,[null]
40.9605401432378,80.0,-103.03917918365917,4402ae6a-5498-4819-a29d-d931ed361ac9,minecraft:rabbit,true,ウサギ,[null]
-124.5,-12.9375,97.5,731707fd-8b3f-4148-978b-f08e9863bca7,minecraft:chest_minecart,true,チェスト付きトロッコ,[null]
6.5024783429055315,83.0,-116.49793772063502,107f7230-efcf-40a7-bafb-2831a8691297,minecraft:rabbit,true,ウサギ,[null]
-146.0,63.0,138.556410242785,ec83da8b-a437-4813-a5ea-7cedd4b422df,minecraft:polar_bear,true,シロクマ,[null]
-146.0,63.0,140.45069362168385,941e6767-3a42-456e-ae10-1d47ab315e85,minecraft:polar_bear,true,シロクマ,[null]
-108.55641024278496,63.0,178.556410242785,4bb05a00-2046-4566-b75d-6c51e816d5bf,minecraft:polar_bear,true,シロクマ,[null]
-110.45069362168391,63.0,180.45069362168385,94749798-ff22-4e9a-b2d4-7f0b8b8ff986,minecraft:polar_bear,true,シロクマ,[null]
-120.0,63.0,189.0,96e071d4-185c-4b7d-a812-a0a95f332cdb,minecraft:polar_bear,true,シロクマ,[null]
-122.0,63.0,190.0,03b2dadb-9c24-445f-8f00-36a81099ff8d,minecraft:polar_bear,true,シロクマ,[null]
-96.5,-23.9375,145.5,b12ff0c9-1d6f-4aa6-94cf-207606b1f71d,minecraft:chest_minecart,true,チェスト付きトロッコ,[null]
-136.5,-15.9375,163.5,bc26b8dd-61d2-47f6-a01e-32d3668d17a8,minecraft:chest_minecart,true,チェスト付きトロッコ,[null]
-171.0,63.0,189.0,0b88909b-8cea-47c9-992a-e4d4b1dfaede,minecraft:polar_bear,true,シロクマ,[null]
188.35421048666444,67.0,-41.3554902074717,9a98d7da-34eb-4aa2-b821-25f67ff966dd,minecraft:rabbit,true,ウサギ,[null]
190.2032951413064,68.0,-34.79725836871116,8cb13163-50b8-4ea7-a085-0a5b39ca7969,minecraft:rabbit,true,ウサギ,[null]
188.98307073957375,69.0,-31.979131244284005,6d056042-6b4b-497e-b47f-7824c8c26b0d,minecraft:rabbit,true,ウサギ,[null]
181.17580786076758,55.09239342800508,60.975676597451965,4e5351e2-7d68-41de-bb83-5ca273da7f56,minecraft:drowned,true,ドラウンド,[null]
182.35746989463567,63.0,82.9414716786139,d0aba9fd-05f9-477c-8f78-9af076b7ee68,minecraft:polar_bear,true,シロクマ,[null]
181.09130922575906,63.0,83.54967377968765,0e21e04b-ab6f-44ed-9385-df2aa417f1ee,minecraft:polar_bear,true,シロクマ,[null]
-149.03196493802724,66.0,20.81639171323279,fcb26244-82a1-4134-87d7-84f6c5e8197b,minecraft:rabbit,true,ウサギ,[null]
-144.0032569634695,65.0,17.626658214716887,83a53383-007f-4fb6-8b39-488d4e1ea561,minecraft:rabbit,true,ウサギ,[null]
-148.79999999701977,64.312159058895,8.73697533337048,ec00ecec-a676-4f3a-bbd9-931533628c9e,minecraft:rabbit,true,ウサギ,[null]
-171.62478294790182,66.0,4.624889282299335,f0b1e56d-42b2-42c5-89de-221148b9f301,minecraft:rabbit,true,ウサギ,[null]
-163.60522613393542,66.08605211823821,3.899999998509884,bf53c931-eae1-4d3e-a6ef-2e8fd1b3de70,minecraft:rabbit,true,ウサギ,[null]
-154.57475822432474,63.0,-58.425311757142076,ca960320-3253-4d5f-98dc-fb1d2bbd8777,minecraft:rabbit,true,ウサギ,[null]
-144.0405253306234,64.312159058895,-71.50674599508275,f86707d3-4085-4386-8c91-d056735f305f,minecraft:rabbit,true,ウサギ,[null]
-9.531254048376132,87.0,-144.05887547335593,1bf30203-1d12-4195-9747-d5376d3ea55f,minecraft:rabbit,true,ウサギ,[null]
-38.66869917525749,82.0,-144.20000000298023,50376276-1007-45d3-ab0b-ca42f865b434,minecraft:rabbit,true,ウサギ,[null]
-151.83020613193327,64.0,-89.08565448110372,680a1372-26ae-4c7f-b786-b4480d747b9d,minecraft:rabbit,true,ウサギ,[null]
-144.0402267399447,64.19231588054778,-90.95021430979415,cd68a704-3f64-4c88-9ef7-0038483b2910,minecraft:rabbit,true,ウサギ,[null]
72.84048942697278,127.0,-161.84042435177386,12569503-43ce-4d9c-8c48-08f6409b3328,minecraft:rabbit,true,ウサギ,[null]
108.52215598385435,118.0,-169.21606296558625,fbb0dddf-3ef7-4577-b4a6-61eac188dc40,minecraft:rabbit,true,ウサギ,[null]
194.2144256660889,63.0,-244.45265143275572,380df991-f603-344c-a090-369bad2a924a,minecraft:player,true,Dev,[null]
172.59999999403954,5.355961277615279,-243.59999999403954,7dbff67e-c47a-4d98-9018-62ff9d91e530,minecraft:glow_squid,true,ヒカリイカ,[null]
169.5,-47.9375,-250.5,a4494b1a-b598-431d-bb77-fc073070e42e,minecraft:chest_minecart,true,チェスト付きトロッコ,[null]
177.5,-46.0,-204.4013246956743,f30af0fc-b812-4160-bb6d-a60a1ab652d9,minecraft:skeleton,true,スケルトン,[null]
155.5,-42.9375,-238.5,bb066da7-770d-45ff-9968-56fd50d72dc2,minecraft:chest_minecart,true,チェスト付きトロッコ,[null]
153.6096363013831,-42.0,-228.56870428038354,336104d6-8f77-432d-ac60-f43820017922,minecraft:zombie,true,ゾンビ,[null]
154.5,-42.0,-229.65689723539288,ff358fe8-3c17-42c1-92f1-8f2ab8ba91c2,minecraft:zombie,true,ゾンビ,[null]
155.0071776517297,-42.0,-233.3209165593209,edcbb171-9012-438b-8eb9-085618636498,minecraft:creeper,true,クリーパー,[null]
152.51481744200814,-43.0,-232.88531652691603,697cc653-e654-4e63-a71b-8c5c083e75f3,minecraft:zombie,true,ゾンビ,[null]
148.63036414937662,-46.0,-235.4864744296512,67fdc966-cce8-4a34-a423-109fd97d1d62,minecraft:skeleton,true,スケルトン,[null]
146.49963276305758,-43.0,-224.1254139470631,cf583775-0f1d-41b0-9024-e8d1c09ac42a,minecraft:creeper,true,クリーパー,[null]
158.50000096988916,-43.0,-222.51322550564032,6ca05291-392b-4d28-8c11-a71a1a632c76,minecraft:creeper,true,クリーパー,[null]
181.5,-40.9375,-270.49000000953674,ded5846a-5a85-4b79-84f4-c62082bd0e1d,minecraft:chest_minecart,true,チェスト付きトロッコ,[null]
191.46502976624024,-47.0,-257.49937927209476,3aaa01a0-8d4b-4bcb-9681-96d95a4a9ea7,minecraft:creeper,true,クリーパー,[null]
176.5,-47.0,-257.5,31f65237-5c1f-41c4-bc18-f859c7ba823f,minecraft:skeleton,true,スケルトン,[null]
209.95006567167124,-30.443711034817,-288.54231382584646,eb7aa618-9573-4533-879d-e7608ef4b1c7,minecraft:bat,true,コウモリ,[null]
190.40000000596046,9.205119538120925,-253.40000000596046,8d4c7613-c7e1-4450-abf9-11b6f74c8c5e,minecraft:glow_squid,true,ヒカリイカ,[null]
178.67500001192093,-43.0,-243.69999998807907,99861a1f-7633-4818-880d-c950df24e25e,minecraft:spider,true,クモ,[null]
160.75,-40.89999997615814,-232.75,d4274839-c9a4-4531-9f8a-2a8fd2ac50a5,minecraft:bat,true,コウモリ,[null]
146.5,-47.9375,-213.5,d522a5b0-f764-4219-bb0c-07267b8c7166,minecraft:chest_minecart,true,チェスト付きトロッコ,[null]
139.946851115175,-34.88357947475651,-199.43508132362035,92ca3640-ec19-424c-87d5-bd8875787695,minecraft:bat,true,コウモリ,[null]
148.5,-41.0,-212.5,bd0bb5bf-687a-4586-9e4a-cafdb2c85bb6,minecraft:zombie,true,ゾンビ,[null]
156.5,-47.9375,-205.5,1f0928e6-65f6-4950-9adf-d46e194069a1,minecraft:chest_minecart,true,チェスト付きトロッコ,[null]
177.59999999403954,3.199999988079071,-234.40000000596046,81f459c6-981f-44a5-8465-84510d9b57e5,minecraft:glow_squid,true,ヒカリイカ,[null]
136.37219042470872,63.0,-260.5717714268514,e0e9c699-e9ca-444e-9021-4310ab98562d,minecraft:item,true,鞍,[null]
136.5,-47.9375,-282.5,80f1be53-8de9-45db-9e34-a3e8fd6dc810,minecraft:chest_minecart,true,チェスト付きトロッコ,[null]
175.90279705010474,59.0,-286.09715355538606,07771548-90e8-4689-a978-44c65b2b7726,minecraft:salmon,true,サケ,[null]
215.1954900253221,-29.595565605902113,-293.61416280616777,5fbe943b-cb74-41d5-95ce-10985f0a9d81,minecraft:bat,true,コウモリ,[null]
149.25,-45.125892922694064,-252.47953730638596,88135d8b-f48f-4b40-a4ee-3b24c7c32614,minecraft:bat,true,コウモリ,[null]
145.44820664190252,-47.0,-243.89176717051637,78e80883-174d-40a4-bd33-b9304b45f2b7,minecraft:zombie,true,ゾンビ,[null]
145.42709817971388,-43.0,-219.5729631659822,713279f0-cd1e-463d-a992-b6129c8dd0a9,minecraft:creeper,true,クリーパー,[null]
172.5026321252423,-41.0,-265.9326451724088,523ea3fc-7e9f-4be9-b4e7-f0814187a368,minecraft:zombie,true,ゾンビ,[null]
172.4999214236275,-41.0,-268.4625789253504,346dc1fd-f510-4800-b45b-2c0a102724ae,minecraft:zombie,true,ゾンビ,[null]
138.69999998807907,-33.89999997615814,-197.69999998807907,df9cc871-0558-464f-8cd2-e5b42016cf29,minecraft:spider,true,クモ,[null]
241.00850447826647,-15.0,-241.26343700449263,639dd94e-2175-40f7-a07b-8c23263bc5e3,minecraft:spider,true,クモ,[null]
119.125,67.0,-221.67300331863697,8a4742db-d4a5-4d81-9109-a223ded4df9a,minecraft:item,true,火薬,[null]
130.45596348897038,29.0,-268.45630106994935,773e24d9-4269-441b-82a2-2694f43c1fd0,minecraft:creeper,true,クリーパー,[null]
129.6698803552258,28.03417002653483,-275.0548153386873,c58b4338-4836-489f-8c3d-786576375131,minecraft:bat,true,コウモリ,[null]
127.59879092276641,63.0,-235.13699447984615,2692542e-b799-4907-b262-a1467c0a3696,minecraft:item,true,腐った肉,[null]
165.30000001192093,-36.0,-309.4202016747234,48363cd7-1bba-4a3e-817d-43a1aa8709d7,minecraft:creeper,true,クリーパー,[null]
126.52853244494293,26.0,-282.5285565594343,835b2bd6-37f1-4dad-98c5-11ea7be0129a,minecraft:creeper,true,クリーパー,[null]
125.5,27.0,-278.5,8b612280-123b-4945-9e96-c032e89dbab5,minecraft:creeper,true,クリーパー,[null]
124.5,-47.9375,-274.5,8f38e14d-6c56-4677-975d-f9cc58a3de6c,minecraft:chest_minecart,true,チェスト付きトロッコ,[null]
116.48230999004929,21.0,-284.51545865835214,a2886853-01e4-4b92-a224-4237d528ce92,minecraft:zombie,true,ゾンビ,[null]
126.1162489836296,13.808791584285384,-301.8883350714478,6dd5dfa0-777f-42cc-bb69-2809c4a4dd5d,minecraft:bat,true,コウモリ,[null]
113.51947216731764,16.934343940443224,-293.44857073242434,b5140678-4391-4f4b-90a0-d23fb2dce660,minecraft:bat,true,コウモリ,[null]
110.19946257141808,5.879990577442688,-302.26347639218113,15261418-61bf-4f56-95a4-43fdabbceac9,minecraft:bat,true,コウモリ,[null]
118.36579923012087,11.0,-297.3657908581871,187313ff-b9c3-4441-89a8-d9974eaea056,minecraft:zombie,true,ゾンビ,[null]
122.5,-36.9375,-323.5,deda2c69-7aa7-45bf-b33c-bbc6dc2403f5,minecraft:chest_minecart,true,チェスト付きトロッコ,[null]
146.03574997174678,-19.0,-317.4882354863173,0f8836f6-f1a9-4219-9c35-2268a65c7215,minecraft:zombie,true,ゾンビ,[null]
149.00227483324926,-21.0,-315.3030121214199,0580de1e-22cc-490d-8b18-fafd6e90534b,minecraft:skeleton,true,スケルトン,[null]
105.49039790052272,24.0,-275.4580214499887,c5d938f8-3311-4c25-9644-3248398f61f3,minecraft:zombie,true,ゾンビ,[null]
99.16976403509845,12.505073645455145,-287.2137848098407,008704e9-3c34-40f9-98ed-7d01cc3859f6,minecraft:bat,true,コウモリ,[null]
98.79312817812627,18.19253287963926,-280.2243861102574,0b63fec3-301e-421a-8003-1b7afabf5ce9,minecraft:bat,true,コウモリ,[null]
257.56091900606776,3.0,-281.555820174895,2de0514f-0138-4ea9-a148-d830c47e705b,minecraft:creeper,true,クリーパー,[null]
275.05780364841456,4.0,-275.53415072311145,070c5428-8fa0-41d1-ad6c-e1b22706f8e4,minecraft:spider,true,クモ,[null]
270.69999998807907,-1.0,-281.28850076664236,199d7ba9-47b5-49c3-b09e-70ac315e8481,minecraft:creeper,true,クリーパー,[null]
165.8320058080379,-48.0,-211.5036443789642,c9fc70d7-4e6e-4202-b6f3-26c942dc9779,minecraft:bat,true,コウモリ,[null]
167.74268692829037,-42.89999997615814,-211.09784376414282,c8f110bd-c01e-4bc9-b5d6-ac285b2ea470,minecraft:bat,true,コウモリ,[null]
144.2827731299655,-40.087986280277335,-195.84435601281464,deb3888b-ef70-41d8-9567-6a156d04f281,minecraft:bat,true,コウモリ,[null]
236.5,-24.0,-302.5,4cac423a-df45-4e71-8f49-4f140a97175d,minecraft:zombie_villager,true,村人ゾンビ,[null]
240.50866148966915,-25.0,-297.5210068856633,a12fca8f-9be8-49b5-8311-495dc0998d5d,minecraft:zombie,true,ゾンビ,[null]
247.31888938411038,-23.541867783278626,-308.39963079277754,758c3e98-334c-4d36-be23-263095bb4274,minecraft:bat,true,コウモリ,[null]
258.75,-2.899999976158142,-271.59394799375775,317ecfcc-3050-4b09-a504-5d637c6b77f8,minecraft:bat,true,コウモリ,[null]
104.50261121226531,-11.0,-250.48439702541737,e0c28f7e-6690-496b-ac68-515a36a7aa79,minecraft:creeper,true,クリーパー,[null]
103.67926385390149,63.0,-235.6538801538595,f2ceb531-ce3f-4c24-aae2-bbbc57d7be32,minecraft:item,true,矢,[null]
102.62315588866134,63.0,-238.65764937227098,01988abe-0365-4450-beda-f2bef4e280e9,minecraft:item,true,骨,[null]
243.51019110235296,11.0,-167.4980631160142,5d802c6d-228e-45eb-9c20-679bffa33943,minecraft:creeper,true,クリーパー,[null]
271.59464565987554,-17.0,-233.40536751493337,7f18dda6-818d-4582-b3b3-d3c1d6e0972d,minecraft:enderman,true,エンダーマン,[null]
104.48311373435452,72.0,-191.88514534551445,f1b268ae-e4b7-4c8f-991c-e37e2b9dbc0d,minecraft:skeleton,true,スケルトン,[null]
100.5,-19.9375,-178.5,58aec3aa-0890-4aeb-8ee4-b543afdd9669,minecraft:chest_minecart,true,チェスト付きトロッコ,[null]
250.88749998807907,-21.0,-305.30000001192093,751aaa5d-ccbc-4611-9d8d-408d029616fd,minecraft:zombie,true,ゾンビ,[null]
218.50000485478108,-10.0,-330.64341634007496,e969fb66-b177-46ed-916a-e87d2e2fb3e0,minecraft:skeleton,true,スケルトン,[null]
191.5778475583545,29.0,-343.30000001192093,eb3eef86-ce7c-43fa-b00c-7c862caa61f3,minecraft:skeleton,true,スケルトン,[null]
211.5,-18.0,-332.5,fd7627b1-b3d6-4af7-90b2-e26e140ca930,minecraft:skeleton,true,スケルトン,[null]
217.69999998807907,-7.899999976158142,-330.30000001192093,f17b5abc-4bcb-45aa-9b8d-4fc9cd82c251,minecraft:spider,true,クモ,[null]
190.50431859162168,29.0,-343.53723861075224,efd8929e-5c6e-4662-a2eb-acd745089129,minecraft:creeper,true,クリーパー,[null]
211.125,64.0,-155.5434720303904,afcacc9c-9ceb-460a-9f25-b6bcd290f18f,minecraft:item,true,腐った肉,[null]
289.5077521654242,1.0,-265.4942412080068,ed5a2bd1-d0bc-4b1b-a52b-48ff9c55b019,minecraft:zombie,true,ゾンビ,[null]
280.7649593241513,59.41019796743058,-194.32016520388424,3c2cb069-cd2c-4c22-a2fa-19dd5cecdeb5,minecraft:squid,true,イカ,[null]
82.5,-41.9375,-238.5,a569b592-caa6-4711-9994-bf3806fccbb3,minecraft:chest_minecart,true,チェスト付きトロッコ,[null]
259.2920686583966,54.13111163652502,-187.45167563017458,f48164d4-bb99-45b6-b50c-3729c5604fba,minecraft:squid,true,イカ,[null]
274.9889540689995,54.72781097050756,-185.3879018717634,47e9d1d8-2732-4a58-9df4-216027f6fa23,minecraft:squid,true,イカ,[null]
262.4741520610043,52.697004995308816,-184.7973648174938,a0457942-bcff-499e-8859-db172469e443,minecraft:squid,true,イカ,[null]
71.63909576950023,63.20000000298023,-258.3835252443684,28f11bb0-d7b3-49c0-a630-f82fb5cc34e6,minecraft:rabbit,true,ウサギ,[null]
77.99473844675121,64.0,-256.2212289108816,0d3cbf39-db75-49db-94b9-f192f1d53869,minecraft:item,true,腐った肉,[null]
219.75,32.10000002384186,-355.75,6e586237-1b3c-4c08-a0ce-94f4280c29fe,minecraft:bat,true,コウモリ,[null]
172.5,-37.9375,-356.5,159807f2-8c3e-4274-a14f-3b99a9e99fc1,minecraft:chest_minecart,true,チェスト付きトロッコ,[null]
296.337856472512,62.41821734873682,-185.40000000596046,7d959a84-43a5-46ea-937f-fe3eeb5706cb,minecraft:squid,true,イカ,[null]
291.6309826921206,59.233032358810306,-191.39269055915065,06c8adf7-b6f4-44cd-b4b0-5beb4044e9e2,minecraft:squid,true,イカ,[null]
284.82556390810305,59.416268727276474,-194.7260677384741,6dc7160b-3154-4314-981e-b1048658d9ab,minecraft:squid,true,イカ,[null]
287.6859883405268,61.5170641283039,-216.63958604075015,85edd537-012e-41cb-84ab-7c6aac78e1a7,minecraft:squid,true,イカ,[null]
276.34519811005305,63.0,-361.4809420916794,c0bf4cf5-23a7-44e7-ba1a-ce703757060f,minecraft:rabbit,true,ウサギ,[null]
302.5018412702005,76.0,-350.3220727679024,15a65dc1-6e5d-47c5-a1d6-bb4a55aa47e5,minecraft:rabbit,true,ウサギ,[null]
289.29066758109127,63.0,-287.3922253922971,0167897c-dee6-44be-891b-a4ba66f6ad90,minecraft:item,true,腐った肉,[null]
305.7031487731563,80.0,-350.71796724821303,03b3365e-d7a2-401f-b189-9a796157d177,minecraft:rabbit,true,ウサギ,[null]
48.12923291089381,73.0,-246.28354598296337,e49b57ea-8d73-4d66-ae73-9701251ac663,minecraft:rabbit,true,ウサギ,[null]
50.49976991486428,77.20000000298023,-237.32205998436697,b08dc286-540d-4d32-9001-6b6cc5418d5b,minecraft:rabbit,true,ウサギ,[null]
145.5156285166763,65.0,-383.4843316107439,9425d969-d265-40b8-9519-afa9065942f1,minecraft:rabbit,true,ウサギ,[null]
58.79999999701977,113.0,-177.59800324258575,c38689a5-f736-4ed8-a285-4c126767b01d,minecraft:rabbit,true,ウサギ,[null]
327.27936239024564,63.0,-215.672898725265,8ae2e501-ae10-4eb2-81a4-3d43d4d8083a,minecraft:polar_bear,true,シロクマ,[null]
32.20000000298023,71.31760000818967,-252.5470900616943,0d72722b-daca-46fc-8232-095d0406ee45,minecraft:rabbit,true,ウサギ,[null]
44.4556599935336,73.0,-247.79243487769693,f5dcff6b-f50e-4b7d-8a39-c509440b9025,minecraft:rabbit,true,ウサギ,[null]
276.22437860507574,63.0,-89.11565030961623,ae76ad25-0466-444a-9478-12ab6d9ba4d8,minecraft:polar_bear,true,シロクマ,[null]
272.3014558692913,63.0,-87.49453445781306,63e9504f-ba1a-4eac-b850-e8cf98a55118,minecraft:polar_bear,true,シロクマ,[null]
30.488882178895427,85.0,-181.3191971963699,d404dc21-b62e-4d74-9a15-b5d37f1de5c6,minecraft:enderman,true,エンダーマン,[null]
336.3267217308313,63.0,-219.1467528460356,60f9023b-245a-472c-b7e5-ab44c03a3aad,minecraft:polar_bear,true,シロクマ,[null]
341.5245822049811,69.0,-374.79999999701977,65e444dc-0f6b-4c02-ad63-4550fad9e79f,minecraft:rabbit,true,ウサギ,[null]
139.525686965613,65.0,-404.28792372953086,2dac344e-8703-480b-8b0b-cec1314ec605,minecraft:rabbit,true,ウサギ,[null]
136.2453916217644,65.0,-401.18170469824753,29328f76-81eb-4bc9-8367-1eb090696c60,minecraft:rabbit,true,ウサギ,[null]
356.51208171874265,71.0,-382.363534749092,db88430a-d051-4515-aeb0-d9072e172d44,minecraft:rabbit,true,ウサギ,[null]
379.4426008686373,64.0,-306.79999999701977,2c70cc2a-274c-4e8d-9974-5e72cdbb17b4,minecraft:rabbit,true,ウサギ,[null]
369.39999997615814,63.0,-149.0,e324c955-cf2b-48c6-b5e6-38fa2da38243,minecraft:polar_bear,true,シロクマ,[null]
370.0387227099205,63.0,-153.05545720709114,8a09c431-38e9-4494-9f81-206180d09f3b,minecraft:polar_bear,true,シロクマ,[null]
376.00630129005634,63.0,-150.4447274876575,8a14b103-9fa1-4186-9d64-3a21162cf100,minecraft:polar_bear,true,シロクマ,[null]
373.5493063783161,63.0,-150.0,c6671546-504d-4fcd-827f-518ba0ddb8de,minecraft:polar_bear,true,シロクマ,[null]
382.0,63.0,-238.60000002384186,544f50e7-b94f-47d6-91fa-2f8f4f3ff153,minecraft:polar_bear,true,シロクマ,[null]
382.0,63.0,-238.60000002384186,58eab441-2e95-441b-ac0f-558296f44809,minecraft:polar_bear,true,シロクマ,[null]
137.13042485774423,-14.0,-315.1023190668198,1f007b83-df0c-4235-8bbe-b730cea0423d,minecraft:creeper,true,クリーパー,[null]
155.5,23.0,-331.5,37e05f3d-56ac-48a3-9293-b42bd890efc9,minecraft:skeleton,true,スケルトン,[null]
391.14837052478697,64.0,-303.09469022363555,3aa9e5a1-c08b-4ee7-ae67-37e8a65b92a8,minecraft:rabbit,true,ウサギ,[null]
125.48309871733578,29.0,-270.51906256951594,c719d4e2-f329-4889-b8e3-582d3028914d,minecraft:creeper,true,クリーパー,[null]
179.5038806843356,-45.0,-186.49623037132278,87f4d6dd-06d3-4084-8da7-3fec5071aa27,minecraft:zombie,true,ゾンビ,[null]
304.5,47.0,-194.5,6b4c1c56-06fe-448d-ba85-78bbae689468,minecraft:drowned,true,ドラウンド,[null]
154.5,12.0,-297.5,501cf0f3-d348-4792-a9dc-439b6a72d41f,minecraft:skeleton,true,スケルトン,[null]
112.5,5.0,-300.5,1cafe617-094e-4f12-92e4-94673aeaa8a1,minecraft:creeper,true,クリーパー,[null]
198.77094596202406,-42.0,-268.4999950297099,77799cdb-157b-4ca6-94fc-32195af6950e,minecraft:zombie,true,ゾンビ,[null]
135.48650386551998,9.0,-315.002251831488,e2e84772-4f56-4bd0-b6ca-aa7d2bc44d36,minecraft:skeleton,true,スケルトン,[null]
215.92861525312776,-6.0,-321.39103524743933,97797990-a03c-4432-8404-e13ea278d2e6,minecraft:creeper,true,クリーパー,[null]
220.5,-10.0,-330.5,162f81f7-2d38-4f57-825f-f860d6f313ee,minecraft:creeper,true,クリーパー,[null]
218.5,-10.0,-334.5,f0bacb15-4824-4009-b8d0-eb82bd3016a0,minecraft:skeleton,true,スケルトン,[null]
149.5,-1.0,-333.5,313ab56d-105b-4d9b-870e-d3022d9b1db1,minecraft:skeleton,true,スケルトン,[null]
150.5,-1.0,-330.5,96f56a8b-9f8d-4f2a-944a-74c6c17f81bc,minecraft:skeleton,true,スケルトン,[null]
147.5,-1.0,-334.5,b7606dc9-49bd-4ebe-8887-8b0bdb52f4ff,minecraft:creeper,true,クリーパー,[null]
79.93049914762378,12.292955413460732,-251.51162849545466,61786967-a147-4867-a835-5c785667c104,minecraft:glow_squid,true,ヒカリイカ,[null]
78.57082894855277,11.345013523474336,-251.9262082092464,1fb44ce3-737b-4530-ae93-e20f05b6a982,minecraft:glow_squid,true,ヒカリイカ,[null]
273.53692123846207,5.0,-269.49765987840726,1b8e9935-10ab-415f-bc94-dd7dad0f060f,minecraft:skeleton,true,スケルトン,[null]
177.0098196646109,-39.0,-312.4999941277295,c8cd449c-088e-47ef-b9fc-c0cabe2aeb70,minecraft:skeleton,true,スケルトン,[null]
261.5,-39.0,-247.5,ba5a7cd8-5596-4ba6-a6b7-9b25e12fe425,minecraft:spider,true,クモ,[null]
189.5,-44.0,-224.5,b3c4f3bc-3b0c-40a4-9df8-5bdc2ec0aa7f,minecraft:zombie,true,ゾンビ,[null]
141.5,-43.0,-253.5,1b388fc2-7a1b-42c7-b13f-d356efc1b88b,minecraft:zombie,true,ゾンビ,[null]
159.5,15.0,-295.5,058a62a3-3103-43f4-8268-623dad6e9955,minecraft:zombie,true,ゾンビ,[null]
159.5,15.0,-296.5,a392b9fc-5511-4f7a-9e80-27af6142e0f0,minecraft:zombie,true,ゾンビ,[null]
227.5,-19.0,-289.5,ca9a08f7-ae22-42ed-bda0-bfa0ad9dede5,minecraft:zombie,true,ゾンビ,[null]
227.39833844375028,-16.0,-242.62000761468428,304efec4-33cc-401b-a890-f816687c71f0,minecraft:zombie,true,ゾンビ,[null]
114.5,-2.0,-309.5,c7148402-bd63-4132-8d51-e1eee5bca6ea,minecraft:creeper,true,クリーパー,[null]
144.49498834047643,16.231523797587013,-332.5153847399203,470f51af-a51e-4588-9c7a-f430fab73e67,minecraft:creeper,true,クリーパー,[null]
142.5,17.0,-326.5,8bb40401-e802-496c-8af8-fb824b860395,minecraft:creeper,true,クリーパー,[null]
143.5,17.0,-326.5,f86a7d6a-2794-4c0a-a53c-b58cb3cd22eb,minecraft:creeper,true,クリーパー,[null]
