{
  "type": "minecraft:crafting_shaped",
  "pattern": [
    "012",
    "345",
    "678"
  ],
  "key": {
    "0": {
      "item": "minecraft:quartz"
    },
    "1": {
      "item": "minecraft:copper_ingot"
    },
    "2": {
      "item": "minecraft:quartz"
    },
    "3": {
      "item": "minecraft:emerald_block"
    },
    "4": {
      "tag": "minecraft:coals"
    },
    "5": {
      "item": "minecraft:emerald_block"
    },
    "6": {
      "item": "minecraft:amethyst_shard"
    },
    "7": {
      "item": "minecraft:copper_ingot"
    },
    "8": {
      "item": "minecraft:amethyst_shard"
    }
  },
  "result": {
    "item": "enrich_with_katana:alloy_powderberylliumcopper",
    "count": 2
  }
}