{
  "group": "chain_armor",
  "type": "minecraft:crafting_shaped",
  "pattern": [
    "012",
    "3 5",
    "6 8"
  ],
  "key": {
    "0": {
      "item": "minecraft:chain"
    },
    "1": {
      "item": "minecraft:chain"
    },
    "2": {
      "item": "minecraft:chain"
    },
    "3": {
      "item": "minecraft:chain"
    },
    "5": {
      "item": "minecraft:chain"
    },
    "6": {
      "item": "minecraft:chain"
    },
    "8": {
      "item": "minecraft:chain"
    }
  },
  "result": {
    "item": "minecraft:chainmail_leggings",
    "count": 1
  }
}