{
  "type": "minecraft:crafting_shaped",
  "pattern": [
    "0 2",
    "345",
    " 7 "
  ],
  "key": {
    "0": {
      "item": "minecraft:redstone_block"
    },
    "2": {
      "item": "minecraft:redstone_block"
    },
    "3": {
      "item": "minecraft:redstone_block"
    },
    "4": {
      "item": "minecraft:lapis_block"
    },
    "5": {
      "item": "minecraft:redstone_block"
    },
    "7": {
      "item": "minecraft:lapis_block"
    }
  },
  "result": {
    "item": "enrich_with_katana:lifecrystal",
    "count": 1
  }
}