{
  "type": "minecraft:crafting_shaped",
  "pattern": [
    "012",
    "345",
    "678"
  ],
  "key": {
    "0": {
      "item": "minecraft:copper_ingot"
    },
    "1": {
      "item": "minecraft:gold_nugget"
    },
    "2": {
      "item": "minecraft:copper_ingot"
    },
    "3": {
      "item": "enrich_with_katana:aluminumingot"
    },
    "4": {
      "item": "minecraft:stick"
    },
    "5": {
      "item": "enrich_with_katana:aluminumingot"
    },
    "6": {
      "item": "minecraft:copper_ingot"
    },
    "7": {
      "item": "minecraft:redstone"
    },
    "8": {
      "item": "minecraft:copper_ingot"
    }
  },
  "result": {
    "item": "minecraft:powered_rail",
    "count": 6
  }
}