{
  "type": "minecraft:crafting_shaped",
  "pattern": [
    "012",
    "345",
    " 7 "
  ],
  "key": {
    "0": {
      "item": "minecraft:wheat"
    },
    "1": {
      "item": "minecraft:sugar"
    },
    "2": {
      "item": "minecraft:wheat"
    },
    "3": {
      "item": "minecraft:wheat"
    },
    "4": {
      "item": "minecraft:sugar"
    },
    "5": {
      "item": "minecraft:wheat"
    },
    "7": {
      "item": "minecraft:paper"
    }
  },
  "result": {
    "item": "enrich_with_katana:simple_stick",
    "count": 4
  }
}