{
  "type": "minecraft:crafting_shaped",
  "pattern": [
    "  2",
    " 45",
    "6 8"
  ],
  "key": {
    "2": {
      "item": "enrich_with_katana:steelingot"
    },
    "4": {
      "item": "enrich_with_katana:steelingot"
    },
    "5": {
      "item": "enrich_with_katana:wire"
    },
    "6": {
      "item": "enrich_with_katana:steelingot"
    },
    "8": {
      "item": "enrich_with_katana:wire"
    }
  },
  "result": {
    "item": "enrich_with_katana:steelfishingrod",
    "count": 1
  }
}