{
  "type": "minecraft:block",
  "pools": [
    {
      "rolls": 1,
      "entries": [
        {
          "type": "minecraft:item",
          "name": "enrich_with_katana:raw_bauxite",
          "weight": 3,
          "functions": [
            {
              "function": "set_count",
              "count": {
                "min": 1,
                "max": 1
              }
            },
            {
              "function": "minecraft:explosion_decay"
            },
            {
              "function": "minecraft:apply_bonus",
              "enchantment": "minecraft:fortune",
              "formula": "minecraft:ore_drops"
            }
          ]
        },
        {
          "type": "minecraft:item",
          "name": "enrich_with_katana:raw_bauxite",
          "weight": 6,
          "functions": [
            {
              "function": "set_count",
              "count": {
                "min": 2,
                "max": 2
              }
            },
            {
              "function": "minecraft:explosion_decay"
            }
          ]
        },
        {
          "type": "minecraft:item",
          "name": "enrich_with_katana:raw_bauxite",
          "weight": 1,
          "functions": [
            {
              "function": "set_count",
              "count": {
                "min": 3,
                "max": 3
              }
            },
            {
              "function": "minecraft:explosion_decay"
            }
          ]
        }
      ]
    }
  ]
}