{
  "credit": "Made with Blockbench",
  "parent": "minecraft",
  "elements": [
    {
      "from": [
        7,
        -2,
        8
      ],
      "to": [
        9,
        2,
        8.25
      ],
      "faces": {
        "north": {
          "uv": [
            0,
            0,
            4,
            8
          ],
          "texture": "#0"
        },
        "east": {
          "uv": [
            0,
            8,
            0.5,
            16
          ],
          "texture": "#0"
        },
        "south": {
          "uv": [
            4,
            0,
            8,
            8
          ],
          "texture": "#0"
        },
        "west": {
          "uv": [
            8,
            0,
            8.5,
            8
          ],
          "texture": "#0"
        },
        "up": {
          "uv": [
            6,
            8.5,
            2,
            8
          ],
          "texture": "#0"
        },
        "down": {
          "uv": [
            10,
            8,
            6,
            8.5
          ],
          "texture": "#0"
        }
      }
    },
    {
      "name": "s",
      "from": [
        17,
        5.5,
        8
      ],
      "to": [
        17.75,
        7,
        8.25
      ],
      "rotation": {
        "angle": 22.5,
        "axis": "z",
        "origin": [
          0,
          0,
          0
        ]
      },
      "faces": {
        "north": {
          "uv": [
            0,
            0,
            2,
            1
          ],
          "rotation": 270,
          "texture": "#3"
        },
        "east": {
          "uv": [
            2,
            3,
            0,
            2
          ],
          "rotation": 90,
          "texture": "#3"
        },
        "south": {
          "uv": [
            0,
            1,
            2,
            2
          ],
          "rotation": 90,
          "texture": "#3"
        },
        "west": {
          "uv": [
            4,
            0,
            2,
            1
          ],
          "rotation": 90,
          "texture": "#3"
        },
        "up": {
          "uv": [
            2,
            2,
            3,
            3
          ],
          "rotation": 90,
          "texture": "#3"
        },
        "down": {
          "uv": [
            2,
            1,
            3,
            2
          ],
          "rotation": 90,
          "texture": "#3"
        }
      }
    },
    {
      "from": [
        13,
        11,
        8
      ],
      "to": [
        14,
        15,
        8.25
      ],
      "rotation": {
        "angle": 22.5,
        "axis": "z",
        "origin": [
          0,
          0,
          0
        ]
      },
      "faces": {
        "north": {
          "uv": [
            0,
            0,
            2,
            1
          ],
          "rotation": 270,
          "texture": "#3"
        },
        "east": {
          "uv": [
            2,
            3,
            0,
            2
          ],
          "rotation": 90,
          "texture": "#3"
        },
        "south": {
          "uv": [
            0,
            1,
            2,
            2
          ],
          "rotation": 90,
          "texture": "#3"
        },
        "west": {
          "uv": [
            4,
            0,
            2,
            1
          ],
          "rotation": 90,
          "texture": "#3"
        },
        "up": {
          "uv": [
            2,
            2,
            3,
            3
          ],
          "rotation": 90,
          "texture": "#3"
        },
        "down": {
          "uv": [
            2,
            1,
            3,
            2
          ],
          "rotation": 90,
          "texture": "#3"
        }
      }
    },
    {
      "from": [
        7,
        2,
        8
      ],
      "to": [
        9,
        19.25,
        8.25
      ],
      "faces": {
        "north": {
          "uv": [
            0,
            0,
            2,
            15.25
          ],
          "texture": "#2"
        },
        "east": {
          "uv": [
            4,
            0,
            4.25,
            15.25
          ],
          "texture": "#2"
        },
        "south": {
          "uv": [
            2,
            0,
            4,
            15.25
          ],
          "texture": "#2"
        },
        "west": {
          "uv": [
            5,
            0,
            5.25,
            15.25
          ],
          "texture": "#2"
        },
        "up": {
          "uv": [
            8,
            0.25,
            6,
            0
          ],
          "texture": "#2"
        },
        "down": {
          "uv": [
            8,
            1,
            6,
            1.25
          ],
          "texture": "#2"
        }
      }
    },
    {
      "from": [
        6,
        2,
        7
      ],
      "to": [
        10,
        2.25,
        9.25
      ],
      "faces": {
        "north": {
          "uv": [
            8,
            0,
            16,
            0.5
          ],
          "texture": "#1"
        },
        "east": {
          "uv": [
            8,
            4,
            12.5,
            4.5
          ],
          "texture": "#1"
        },
        "south": {
          "uv": [
            8,
            2,
            16,
            2.5
          ],
          "texture": "#1"
        },
        "west": {
          "uv": [
            8,
            6,
            12.5,
            6.5
          ],
          "texture": "#1"
        },
        "up": {
          "uv": [
            8,
            4.5,
            0,
            0
          ],
          "texture": "#1"
        },
        "down": {
          "uv": [
            8,
            6,
            0,
            10.5
          ],
          "texture": "#1"
        }
      }
    }
  ],
  "display": {
    "thirdperson_righthand": {
      "rotation": [
        134,
        90,
        -114
      ],
      "translation": [
        -0.25,
        7.25,
        3.75
      ]
    },
    "thirdperson_lefthand": {
      "rotation": [
        -92,
        -90,
        -114
      ],
      "translation": [
        -0.25,
        7.25,
        4
      ]
    },
    "firstperson_righthand": {
      "rotation": [
        134,
        90,
        -114
      ],
      "translation": [
        -0.25,
        7.25,
        4
      ]
    },
    "firstperson_lefthand": {
      "rotation": [
        -92,
        -90,
        -114
      ],
      "translation": [
        -0.25,
        7.25,
        4
      ]
    },
    "gui": {
      "translation": [
        0,
        1.25,
        0
      ]
    },
    "fixed": {
      "translation": [
        0,
        0.5,
        0
      ]
    }
  }
}