{
  "credit": "Made with Blockbench",
  "elements": [
    {
      "from": [
        3,
        -1,
        7.25
      ],
      "to": [
        13,
        16,
        8
      ],
      "faces": {
        "north": {
          "uv": [
            8,
            6,
            16,
            16
          ],
          "texture": "#0"
        },
        "east": {
          "uv": [
            8,
            6,
            16,
            16
          ],
          "rotation": 270,
          "texture": "#0"
        },
        "south": {
          "uv": [
            8,
            6,
            16,
            16
          ],
          "texture": "#0"
        },
        "west": {
          "uv": [
            8,
            6,
            16,
            16
          ],
          "texture": "#0"
        },
        "up": {
          "uv": [
            8,
            6,
            16,
            16
          ],
          "texture": "#0"
        },
        "down": {
          "uv": [
            8,
            6,
            16,
            16
          ],
          "texture": "#0"
        }
      }
    },
    {
      "from": [
        4,
        0,
        7.75
      ],
      "to": [
        12,
        15,
        8.25
      ],
      "faces": {
        "north": {
          "uv": [
            0,
            9,
            5,
            16
          ],
          "texture": "#0"
        },
        "east": {
          "uv": [
            3.5,
            10,
            3,
            16
          ],
          "texture": "#0"
        },
        "south": {
          "uv": [
            0,
            9,
            5,
            16
          ],
          "texture": "#0"
        },
        "west": {
          "uv": [
            3,
            10,
            3.5,
            16
          ],
          "texture": "#0"
        },
        "up": {
          "uv": [
            0,
            10,
            5,
            9.5
          ],
          "texture": "#0"
        },
        "down": {
          "uv": [
            0,
            10,
            5,
            9.5
          ],
          "texture": "#0"
        }
      }
    },
    {
      "from": [
        6.25,
        10,
        6
      ],
      "to": [
        10,
        11.25,
        7.25
      ],
      "faces": {
        "north": {
          "uv": [
            0,
            0,
            4,
            1
          ],
          "texture": "#0"
        },
        "east": {
          "uv": [
            0,
            4,
            1,
            5
          ],
          "texture": "#0"
        },
        "south": {
          "uv": [
            0,
            1,
            4,
            2
          ],
          "texture": "#0"
        },
        "west": {
          "uv": [
            4,
            0,
            5,
            1
          ],
          "texture": "#0"
        },
        "up": {
          "uv": [
            4,
            3,
            0,
            2
          ],
          "texture": "#0"
        },
        "down": {
          "uv": [
            4,
            3,
            0,
            4
          ],
          "texture": "#0"
        }
      }
    }
  ],
  "display": {
    "thirdperson_righthand": {
      "rotation": [
        -180,
        0,
        -180
      ],
      "translation": [
        0,
        -4.5,
        -2
      ]
    },
    "thirdperson_lefthand": {
      "rotation": [
        -180,
        0,
        -180
      ],
      "translation": [
        0,
        -4.5,
        -2
      ]
    },
    "firstperson_righthand": {
      "rotation": [
        -180,
        0,
        -180
      ],
      "translation": [
        0,
        -4.5,
        -2
      ]
    },
    "firstperson_lefthand": {
      "rotation": [
        -180,
        0,
        -180
      ],
      "translation": [
        0,
        -4.5,
        -2
      ]
    },
    "gui": {
      "scale": [
        0.85,
        0.85,
        0.85
      ]
    },
    "fixed": {
      "rotation": [
        0,
        180,
        0
      ],
      "translation": [
        0,
        0.25,
        -0.25
      ]
    }
  }
}