{
	"credit": "Made with Blockbench",
	"textures": {
		"0": "divine_texture"
	},
	"elements": [
		{
			"from": [7.25, -2, 8],
			"to": [8.5, 2, 8.25],
			"faces": {
				"north": {"uv": [5.25, 0, 7.25, 4], "texture": "#0"},
				"east": {"uv": [5.25, 4, 5.5, 8], "texture": "#0"},
				"south": {"uv": [7.25, 0, 9.25, 4], "texture": "#0"},
				"west": {"uv": [9.25, 0, 9.5, 4], "texture": "#0"},
				"up": {"uv": [8.25, 4.25, 6.25, 4], "texture": "#0"},
				"down": {"uv": [10.25, 4, 8.25, 4.25], "texture": "#0"}
			}
		},
		{
			"from": [7.5, -2, 8.25],
			"to": [8.3, 2, 8.5],
			"faces": {
				"north": {"uv": [7.5, 0, 9.05, 4], "texture": "#0"},
				"east": {"uv": [9.25, 0, 9.5, 4], "texture": "#0"},
				"south": {"uv": [5.5, 0, 7.05, 4], "texture": "#0"},
				"west": {"uv": [9.25, 0, 9.5, 4], "texture": "#0"},
				"up": {"uv": [9.5, 4, 10.3, 4.25], "texture": "#0"},
				"down": {"uv": [8.75, 4, 9.55, 4.25], "texture": "#0"}
			}
		},
		{
			"from": [7.5, -2, 7.75],
			"to": [8.3, 2, 8],
			"faces": {
				"north": {"uv": [7.5, 0, 9.05, 4], "texture": "#0"},
				"east": {"uv": [9.25, 0, 9.5, 4], "texture": "#0"},
				"south": {"uv": [5.5, 0, 7.05, 4], "texture": "#0"},
				"west": {"uv": [9.25, 0, 9.5, 4], "texture": "#0"},
				"up": {"uv": [9.5, 4, 10.3, 4.25], "texture": "#0"},
				"down": {"uv": [8.75, 4, 9.55, 4.25], "texture": "#0"}
			}
		},
		{
			"from": [6.5, 2, 7.25],
			"to": [9.25, 2.25, 9],
			"faces": {
				"north": {"uv": [10.5, 0, 12.25, 0.25], "texture": "#0"},
				"east": {"uv": [10.5, 0, 12.25, 0.25], "texture": "#0"},
				"south": {"uv": [10.5, 0, 12.25, 0.25], "texture": "#0"},
				"west": {"uv": [10.25, 0.75, 13, 1.25], "texture": "#0"},
				"up": {"uv": [13, 2.75, 10.25, 1.25], "texture": "#0"},
				"down": {"uv": [13, 1.25, 10.25, 2.75], "texture": "#0"}
			}
		},
		{
			"from": [6.75, 2.25, 7.5],
			"to": [9, 2.4, 8.75],
			"faces": {
				"north": {"uv": [10.5, 0, 12.25, 0.25], "texture": "#0"},
				"east": {"uv": [10.5, 0, 12.25, 0.25], "texture": "#0"},
				"south": {"uv": [10.5, 0, 12.25, 0.25], "texture": "#0"},
				"west": {"uv": [10.25, 0.75, 13, 1.25], "texture": "#0"},
				"up": {"uv": [13, 2.75, 10.25, 1.25], "texture": "#0"},
				"down": {"uv": [13, 1.25, 10.25, 2.75], "texture": "#0"}
			}
		},
		{
			"from": [6.75, 1.85, 7.5],
			"to": [9, 2, 8.75],
			"faces": {
				"north": {"uv": [10.5, 0, 12.25, 0.25], "texture": "#0"},
				"east": {"uv": [10.5, 0, 12.25, 0.25], "texture": "#0"},
				"south": {"uv": [10.5, 0, 12.25, 0.25], "texture": "#0"},
				"west": {"uv": [10.25, 0.75, 13, 1.25], "texture": "#0"},
				"up": {"uv": [13, 2.75, 10.25, 1.25], "texture": "#0"},
				"down": {"uv": [13, 1.25, 10.25, 2.75], "texture": "#0"}
			}
		},
		{
			"from": [9.15, 2, 7.5],
			"to": [9.4, 2.25, 8.75],
			"faces": {
				"north": {"uv": [10.25, 0, 10.5, 0.25], "texture": "#0"},
				"east": {"uv": [10.25, 0, 11.5, 0.25], "texture": "#0"},
				"south": {"uv": [10.25, 0, 10.5, 0.25], "texture": "#0"},
				"west": {"uv": [10.25, 0, 11.5, 0.25], "texture": "#0"},
				"up": {"uv": [10.25, 0, 10.5, 1.25], "texture": "#0"},
				"down": {"uv": [10.25, 0, 10.5, 1.25], "texture": "#0"}
			}
		},
		{
			"from": [6.35, 2, 7.5],
			"to": [6.6, 2.25, 8.75],
			"faces": {
				"north": {"uv": [10.25, 0, 10.5, 0.25], "texture": "#0"},
				"east": {"uv": [10.25, 0, 11.5, 0.25], "texture": "#0"},
				"south": {"uv": [10.25, 0, 10.5, 0.25], "texture": "#0"},
				"west": {"uv": [10.25, 0, 11.5, 0.25], "texture": "#0"},
				"up": {"uv": [10.25, 0, 10.5, 1.25], "texture": "#0"},
				"down": {"uv": [10.25, 0, 10.5, 1.25], "texture": "#0"}
			}
		},
		{
			"from": [6.75, 2, 7.1],
			"to": [9, 2.25, 7.35],
			"faces": {
				"north": {"uv": [10.25, 0, 12.5, 0.25], "texture": "#0"},
				"east": {"uv": [10.25, 0, 10.5, 0.25], "texture": "#0"},
				"south": {"uv": [10.25, 0, 12.5, 0.25], "texture": "#0"},
				"west": {"uv": [10.25, 0, 10.5, 0.25], "texture": "#0"},
				"up": {"uv": [10.25, 0, 10.5, 2.25], "rotation": 270, "texture": "#0"},
				"down": {"uv": [10.25, 0, 10.5, 2.25], "rotation": 90, "texture": "#0"}
			}
		},
		{
			"from": [6.75, 2, 8.9],
			"to": [9, 2.25, 9.15],
			"faces": {
				"north": {"uv": [10.25, 0, 12.5, 0.25], "texture": "#0"},
				"east": {"uv": [10.25, 0, 10.5, 0.25], "texture": "#0"},
				"south": {"uv": [10.25, 0, 12.5, 0.25], "texture": "#0"},
				"west": {"uv": [10.25, 0, 10.5, 0.25], "texture": "#0"},
				"up": {"uv": [10.25, 0, 10.5, 2.25], "rotation": 270, "texture": "#0"},
				"down": {"uv": [10.25, 0, 10.5, 2.25], "rotation": 90, "texture": "#0"}
			}
		},
		{
			"name": "cube_main",
			"from": [7.25, 2, 8],
			"to": [8.5, 19.25, 8.25],
			"faces": {
				"north": {"uv": [0, 0, 2, 15.25], "texture": "#0"},
				"east": {"uv": [4, 0, 4.25, 15.25], "texture": "#0"},
				"south": {"uv": [2, 0, 4, 15.25], "texture": "#0"},
				"west": {"uv": [5, 0, 5.25, 15.25], "texture": "#0"},
				"up": {"uv": [7.5, 8.75, 5.5, 8.5], "texture": "#0"},
				"down": {"uv": [7.5, 8.5, 5.5, 8.75], "texture": "#0"}
			}
		},
		{
			"from": [8.05, 17.825, 8],
			"to": [8.2, 18.4, 8.25],
			"faces": {
				"north": {"uv": [10, 6.75, 12, 8.75], "texture": "#0"},
				"east": {"uv": [10, 6.75, 12, 8.75], "texture": "#0"},
				"south": {"uv": [10, 6.75, 12, 8.75], "texture": "#0"},
				"west": {"uv": [10, 6.75, 12, 8.75], "texture": "#0"},
				"up": {"uv": [10, 6.75, 12, 8.75], "texture": "#0"},
				"down": {"uv": [10, 6.75, 12, 8.75], "texture": "#0"}
			}
		},
		{
			"from": [8.25, 16.75, 8],
			"to": [8.5, 17, 8.25],
			"faces": {
				"north": {"uv": [10, 6.75, 12, 8.75], "texture": "#0"},
				"east": {"uv": [10, 6.75, 12, 8.75], "texture": "#0"},
				"south": {"uv": [10, 6.75, 12, 8.75], "texture": "#0"},
				"west": {"uv": [10, 6.75, 12, 8.75], "texture": "#0"},
				"up": {"uv": [10, 6.75, 12, 8.75], "texture": "#0"},
				"down": {"uv": [10, 6.75, 12, 8.75], "texture": "#0"}
			}
		},
		{
			"from": [8.2, 17, 8],
			"to": [8.35, 17.85, 8.25],
			"faces": {
				"north": {"uv": [10, 6.75, 12, 8.75], "texture": "#0"},
				"east": {"uv": [10, 6.75, 12, 8.75], "texture": "#0"},
				"south": {"uv": [10, 6.75, 12, 8.75], "texture": "#0"},
				"west": {"uv": [10, 6.75, 12, 8.75], "texture": "#0"},
				"up": {"uv": [10, 6.75, 12, 8.75], "texture": "#0"},
				"down": {"uv": [10, 6.75, 12, 8.75], "texture": "#0"}
			}
		},
		{
			"from": [7.525, 18.975, 8],
			"to": [7.725, 19.25, 8.25],
			"faces": {
				"north": {"uv": [10.75, 11, 16, 16], "texture": "#0"},
				"east": {"uv": [1.5, 1.75, 2.5, 4.5], "texture": "#0"},
				"south": {"uv": [5.5, 11, 8.5, 14.5], "texture": "#0"},
				"west": {"uv": [5.5, 11, 10.75, 16], "texture": "#0"},
				"up": {"uv": [12.5, 4.5, 15, 5.75], "texture": "#0"},
				"down": {"uv": [5.5, 11, 10.75, 16], "texture": "#0"}
			}
		},
		{
			"from": [7.725, 18.4, 8],
			"to": [7.875, 18.975, 8.25],
			"faces": {
				"north": {"uv": [10, 6.75, 12, 8.75], "texture": "#0"},
				"east": {"uv": [10, 6.75, 12, 8.75], "texture": "#0"},
				"south": {"uv": [10, 6.75, 12, 8.75], "texture": "#0"},
				"west": {"uv": [10, 6.75, 12, 8.75], "texture": "#0"},
				"up": {"uv": [10, 6.75, 12, 8.75], "texture": "#0"},
				"down": {"uv": [10, 6.75, 12, 8.75], "texture": "#0"}
			}
		},
		{
			"from": [7.875, 18.125, 8],
			"to": [8.05, 18.7, 8.25],
			"faces": {
				"north": {"uv": [10, 6.75, 12, 8.75], "texture": "#0"},
				"east": {"uv": [10, 6.75, 12, 8.75], "texture": "#0"},
				"south": {"uv": [10, 6.75, 12, 8.75], "texture": "#0"},
				"west": {"uv": [10, 6.75, 12, 8.75], "texture": "#0"},
				"up": {"uv": [10, 6.75, 12, 8.75], "texture": "#0"},
				"down": {"uv": [10, 6.75, 12, 8.75], "texture": "#0"}
			}
		}
	],
	"gui_light": "front",
	"display": {
		"thirdperson_righthand": {
			"rotation": [134, 90, -134],
			"translation": [-0.25, 7.25, 2.5]
		},
		"thirdperson_lefthand": {
			"rotation": [-136, -90, -134],
			"translation": [-0.25, 7.25, 2.5]
		},
		"firstperson_righthand": {
			"rotation": [134, 90, -134],
			"translation": [-0.25, 9, 2.5]
		},
		"firstperson_lefthand": {
			"rotation": [134, 90, -134],
			"translation": [-0.25, 9, 2.5]
		},
		"ground": {
			"rotation": [0, 0, 180],
			"translation": [0, 2, 0]
		},
		"gui": {
			"rotation": [0, 0, -45],
			"translation": [0, -0.5, 0],
			"scale": [0.93, 0.93, 0.93]
		},
		"fixed": {
			"rotation": [-180, 0, 133],
			"translation": [0, -0.25, 0],
			"scale": [1.23, 1.23, 1.23]
		}
	},
	"groups": [
		{
			"name": "tuka",
			"origin": [8, 8, 8],
			"color": 0,
			"children": [0, 1, 2]
		},
		{
			"name": "tuba",
			"origin": [8, 8, 8],
			"color": 0,
			"children": [3, 4, 5, 6, 7, 8, 9]
		},
		{
			"name": "edge",
			"origin": [0, 0, 0],
			"color": 0,
			"children": [
				10,
				{
					"name": "front",
					"origin": [8, 8, 8],
					"color": 0,
					"children": [11, 12, 13, 14, 15, 16]
				}
			]
		}
	]
}