{
	"credit": "Made with Blockbench",
	"parent": "minecraft",
	"textures": {
		"0": "la"
	},
	"elements": [
		{
			"from": [10, 0, 6],
			"to": [10, 7, 10],
			"faces": {
				"north": {"uv": [0, 0, 8, 8], "texture": "#0"},
				"east": {"uv": [1.5, 1, 6.5, 7], "texture": "#0"},
				"south": {"uv": [0, 0, 8, 8], "texture": "#0"},
				"west": {"uv": [1.5, 1, 6.5, 7], "texture": "#0"},
				"up": {"uv": [0, 0, 8, 6], "texture": "#0"},
				"down": {"uv": [0, 0, 8, 6], "texture": "#0"}
			}
		},
		{
			"from": [6, 0, 6],
			"to": [6, 7, 10],
			"faces": {
				"north": {"uv": [1.5, 1, 6.5, 7], "texture": "#0"},
				"east": {"uv": [1.5, 1, 6.5, 7], "texture": "#0"},
				"south": {"uv": [1.5, 1, 6.5, 7], "texture": "#0"},
				"west": {"uv": [1.5, 1, 6.5, 7], "texture": "#0"},
				"up": {"uv": [1.5, 1, 6.5, 7], "texture": "#0"},
				"down": {"uv": [1.5, 1, 6.5, 7], "texture": "#0"}
			}
		},
		{
			"from": [6, 0, 6],
			"to": [10, 7, 6],
			"faces": {
				"north": {"uv": [1.5, 1, 6.5, 7], "texture": "#0"},
				"east": {"uv": [1.5, 1, 6.5, 7], "texture": "#0"},
				"south": {"uv": [1.5, 1, 6.5, 7], "texture": "#0"},
				"west": {"uv": [1.5, 1, 6.5, 7], "texture": "#0"},
				"up": {"uv": [1.5, 1, 6.5, 7], "texture": "#0"},
				"down": {"uv": [1.5, 1, 6.5, 7], "texture": "#0"}
			}
		},
		{
			"from": [6, 0, 10],
			"to": [10, 7, 10],
			"faces": {
				"north": {"uv": [1.5, 1, 6.5, 7], "texture": "#0"},
				"east": {"uv": [1.5, 1.5, 0, 2.5], "texture": "#0"},
				"south": {"uv": [1.5, 1, 6.5, 7], "texture": "#0"},
				"west": {"uv": [1.5, 1.5, 0, 2.5], "texture": "#0"},
				"up": {"uv": [1.5, 1, 0.5, 0], "texture": "#0"},
				"down": {"uv": [1.5, 1, 0.5, 0], "texture": "#0"}
			}
		},
		{
			"from": [5, 0, 5],
			"to": [11, 1, 11],
			"faces": {
				"north": {"uv": [8.5, 8.5, 16, 16], "texture": "#0"},
				"east": {"uv": [8.5, 8.5, 16, 16], "texture": "#0"},
				"south": {"uv": [8.5, 8.5, 16, 16], "texture": "#0"},
				"west": {"uv": [8.5, 8.5, 16, 16], "texture": "#0"},
				"up": {"uv": [8.5, 8.5, 16, 16], "texture": "#0"},
				"down": {"uv": [8.5, 8.5, 16, 16], "texture": "#0"}
			}
		},
		{
			"from": [5, 6, 5],
			"to": [11, 7, 11],
			"faces": {
				"north": {"uv": [8.5, 8.5, 16, 16], "texture": "#0"},
				"east": {"uv": [8.5, 8.5, 16, 16], "texture": "#0"},
				"south": {"uv": [8.5, 8.5, 16, 16], "texture": "#0"},
				"west": {"uv": [8.5, 8.5, 16, 16], "texture": "#0"},
				"up": {"uv": [8.5, 8.5, 16, 16], "texture": "#0"},
				"down": {"uv": [8.5, 8.5, 16, 16], "texture": "#0"}
			}
		},
		{
			"from": [9, 7, 6],
			"to": [10, 11, 7],
			"faces": {
				"north": {"uv": [8.5, 8.5, 16, 16], "texture": "#0"},
				"east": {"uv": [8.5, 8.5, 16, 16], "texture": "#0"},
				"south": {"uv": [8.5, 8.5, 16, 16], "texture": "#0"},
				"west": {"uv": [8.5, 8.5, 16, 16], "texture": "#0"},
				"up": {"uv": [8.5, 8.5, 16, 16], "texture": "#0"},
				"down": {"uv": [8.5, 8.5, 16, 16], "texture": "#0"}
			}
		},
		{
			"from": [6, 6, 9],
			"to": [7, 11, 10],
			"faces": {
				"north": {"uv": [8.5, 8.5, 16, 16], "texture": "#0"},
				"east": {"uv": [8.5, 8.5, 16, 16], "texture": "#0"},
				"south": {"uv": [8.5, 8.5, 16, 16], "texture": "#0"},
				"west": {"uv": [8.5, 8.5, 16, 16], "texture": "#0"},
				"up": {"uv": [8.5, 8.5, 16, 16], "texture": "#0"},
				"down": {"uv": [8.5, 8.5, 16, 16], "texture": "#0"}
			}
		},
		{
			"from": [10.5, 11, -2.25],
			"to": [12, 11, 2.25],
			"rotation": {"angle": -45, "axis": "y", "origin": [0, 0, 0]},
			"faces": {
				"north": {"uv": [8.5, 8.5, 16, 16], "texture": "#0"},
				"east": {"uv": [8.5, 8.5, 16, 16], "texture": "#0"},
				"south": {"uv": [8.5, 8.5, 16, 16], "texture": "#0"},
				"west": {"uv": [8.5, 8.5, 16, 16], "texture": "#0"},
				"up": {"uv": [8.5, 8.5, 16, 16], "texture": "#0"},
				"down": {"uv": [8.5, 8.5, 16, 16], "texture": "#0"}
			}
		}
	],
	"display": {
		"thirdperson_righthand": {
			"rotation": [66, -52, 0],
			"translation": [0.5, -3, -2.75]
		},
		"thirdperson_lefthand": {
			"rotation": [66, -52, 0],
			"translation": [0.5, -3, -2.75]
		},
		"firstperson_righthand": {
			"rotation": [71, 95, -65],
			"translation": [3.5, 6, -2.5]
		},
		"firstperson_lefthand": {
			"rotation": [-174.52, -11.45, -179.69],
			"translation": [3.75, 5.25, -3]
		},
		"ground": {
			"rotation": [18, 18, -5],
			"translation": [0.5, 6.75, 0]
		},
		"gui": {
			"translation": [0, 3, 0],
			"scale": [1.25, 1.25, 1.25]
		},
		"fixed": {
			"rotation": [0, -41, 0],
			"translation": [0, 4.25, -1]
		}
	},
	"groups": [
		{
			"name": "steel lantern",
			"origin": [8, 8, 8],
			"color": 0,
			"children": [0, 1, 2, 3, 4, 5, 6, 7, 8]
		}
	]
}